gene,mean_cpm,mean_log2cpm,cv
PDAP1,58.99426339417637,5.9067526528011625,0.18248279531408781
GNB1,297.9854206386823,8.22393132608743,0.18999725260322303
GSK3A,126.01182275829133,6.988818984731872,0.19229373919762596
KCMF1,55.08026656420164,5.809421301759754,0.19470735639915712
NRBP1,120.67847353793529,6.9269301493874424,0.19608991606227277
PAFAH1B1,102.81575403397923,6.697881578962831,0.19909050730747696
TOX4,89.10358600267254,6.493512619409213,0.20438776940922118
USF2,161.76052796920132,7.346607055179258,0.20711046739511324
DEDD,49.304218857573595,5.652607494315055,0.21710685951584674
ADD1,241.82934164274403,7.923798946149603,0.21916453970054128
ARF1,577.2882595864093,9.175645002585387,0.22180536598487502
WIPI2,87.13417438777216,6.461629633440153,0.22382214664040126
RAB11B,113.87247531318627,6.843889343840313,0.2239692187262899
SMG7,106.89937018024801,6.753542633465486,0.2246009806355486
MAX,143.11848533194296,7.1711115841792825,0.22647386060873392
CAPZB,518.8188981308189,9.02186527403503,0.22818748350251755
EIF4EBP2,173.43143532976927,7.446516250001838,0.22947410055028966
INPP5K,86.9973430269286,6.459388058867494,0.23115039694241657
RBM22,60.59989064871253,5.944855884757212,0.23204058502624236
IK,114.079403722745,6.84648584074326,0.232584429198889
CHMP4B,168.22239402263676,7.402776689719518,0.23284373122126487
TAF10,93.6461122437064,6.564471340785492,0.23466446323194554
UBE2D2,70.5703074796634,6.161289272647819,0.2349123494063665
ATG13,79.93680267484784,6.338723952836493,0.23524526255746667
MRFAP1,99.47671949992035,6.6507174568233465,0.2359473223015967
DNM2,388.3956611336017,8.60509299859947,0.23750697002186374
HNRNPK,356.6039493233754,8.482218859287528,0.2375325976736879
GNAI2,1358.398880022169,10.40875312398628,0.23787921484138688
SNW1,46.48531138474811,5.56940940897146,0.2386076712413303
TRPC4AP,160.34630329722654,7.33401671351929,0.2402170229472249
TFE3,260.39059407383127,8.03006341764416,0.24104746345569852
GID8,46.48737113255458,5.569471986712081,0.24146294678946592
IST1,164.72479575648,7.372645664625081,0.2416313045743871
ZNF592,100.21458774186064,6.661273425915095,0.2434364694726035
STARD3,95.83916001393577,6.597518660294172,0.24405700246530504
KXD1,50.966518420466755,5.699510501482547,0.2444212545907133
ENSA,118.53006520733169,6.901229732416316,0.24561216208752842
GBA2,82.52621587204378,6.384157173582604,0.24620113637354576
AP2M1,297.1900789342823,8.220088448367196,0.2473956769483363
VRK3,63.3701452641428,6.0083198194693646,0.2479910185832847
FLII,301.42148440783706,8.240416823869554,0.2480466430776504
NR1H2,136.27074894143925,7.100880423759015,0.24847112488578038
PPP2R2A,53.56692555021337,5.7699548555044196,0.24962798958066154
ERP44,75.93351144170475,6.265540253016601,0.24988429498284687
ACTR1A,145.98036618496823,7.199479640758947,0.24993118380484453
YWHAZ,700.4627488638275,9.454222681422634,0.2501408347772402
ARHGEF2,221.21208967052465,7.7957934999006335,0.2510235230340956
RAB5C,168.63262021408755,7.406269815430016,0.2514471233027081
ZNF672,55.11274154046602,5.8102564962038565,0.2525703673620108
DDX39B,249.2527553474409,7.967242143368282,0.2527225848666765
SAP30BP,66.66501893041736,6.080338285283836,0.25272591121270543
DHX16,57.93085609758151,5.880951319481161,0.2537242192912584
ARF4,83.15590845812974,6.394992659419461,0.25475057688289116
LMAN2,186.8209149286295,7.553213914021663,0.255147504501323
EIF4H,153.03936928479305,7.267155310910056,0.2553122237143012
KLC1,67.19899267360611,6.091678525111508,0.2557119678881986
PPP1R12C,133.7716932902763,7.074373702332093,0.25663297863665424
SZRD1,82.4341957622149,6.382566892769865,0.2569014602709801
RBM4,94.59408908448454,6.578849508991473,0.25723182978329223
CTDNEP1,163.22233975559763,7.359506585236189,0.25741684302689666
CASC3,267.24465105468227,8.067405592913753,0.2577964290888318
UBAC2,49.1712563048934,5.648789159004063,0.25792904950526613
EWSR1,116.27122655792836,6.873705269685595,0.25819964771786563
PPP1R11,103.14303995979719,6.702422614837274,0.25906599101788597
TPM3,630.2772952832646,9.302130053387446,0.25917024126976873
GDI1,261.9651420554441,8.038727762232565,0.2591775723155031
UBE2A,48.83075499506515,5.638964527616109,0.25939916041472966
TRAF7,58.22361429274637,5.888100632736648,0.2598473281536595
HADHA,186.1911204254466,7.548368190817796,0.2599533039611094
TMBIM1,188.49990797171412,7.566053337544264,0.2603304174411194
E2F4,84.39665570466201,6.416107667159682,0.2606417325213061
TMEM248,68.94992675275249,6.128250641576947,0.26069643870838816
USP4,153.38270080757178,7.270367291750107,0.26103912276844854
EXOC7,88.50183829444987,6.483845409343031,0.26104107585277003
ARAF,130.10174901878287,7.034543122351119,0.2611715937191217
WDTC1,214.0116515736978,7.748271031971425,0.26117335715471157
ZDHHC5,73.19045024523855,6.213161590756261,0.26160093610771934
MAP2K2,188.79806227298008,7.56832145313779,0.26176909080181987
ARNT,55.080182956035436,5.809419150893075,0.2621518810849129
LAPTM5,1773.6823756499691,10.793345125573156,0.2624071500448788
PRR14,101.5847355500704,6.680672265899518,0.26299691927851687
SAP18,54.5047765005148,5.7945400237751645,0.2630611355605953
ACIN1,172.7529798951873,7.440893910305223,0.26317548676625246
CARS1,60.89783552537535,5.951817056323605,0.26324240402977134
TMEM131L,69.63364763821282,6.142283696467503,0.2634107495341946
PSME3IP1,90.6019483458175,6.5173063792243795,0.26374551748867725
HGS,90.69548291553151,6.518778760704711,0.264386702650629
CALCOCO2,102.30212897124612,6.6907261770329605,0.26440899410542645
CYB5R3,134.13182473816698,7.078223671877271,0.2646436046900841
RALY,227.20393623961596,7.834179866346092,0.264945490897837
WDR45,118.9421194364455,6.906194561049686,0.26508372884066533
CLPTM1,83.83958045484628,6.406665581418144,0.26545732825674906
PPP2CA,108.89859762273275,6.780029166456432,0.2656463202743226
ATP6V1E1,111.93121459757323,6.819300497151239,0.26603863414488366
EXOC3,86.1536752266918,6.445489598246064,0.266613175086763
CALCOCO1,138.36064452795924,7.122679391148625,0.2671823900216208
SH3KBP1,187.42144544265219,7.557819366365558,0.26782603037602365
POLDIP2,47.94315809498271,5.6130352903171685,0.2680472694144392
RANBP3,54.31747562316222,5.789663416432856,0.26817152176489767
BAP1,82.26381316723086,6.379617724846207,0.26831765184350126
ATP5F1B,357.7365810022584,8.486781056730786,0.26833000229237924
DVL3,78.98223626725186,6.321607713701967,0.26863939049619845
PI4KB,78.172104424956,6.306920294170868,0.26949896727694195
COPA,155.67701460197816,7.291649733643504,0.27001983028767784
BRK1,116.97724479122132,6.882364812136127,0.2703667181940884
HNRNPC,379.01254097998566,8.569903220202225,0.27091074752139543
SHC1,49.115898088845206,5.647196431952236,0.27113895328615606
MARS1,112.12423995094844,6.821764288952392,0.27131142086007937
CUX1,102.3812577904875,6.691830849861068,0.2716894403905412
PSMA7,106.55881507603543,6.748981956705216,0.27174265722485996
EEF1D,110.62177052366481,6.802474625216248,0.27177543873258353
SKP1,134.25528235493144,7.079541128953967,0.2718840231500666
GUCD1,114.01107384760024,6.845628967604008,0.27208999250771165
AKT2,132.61112425207182,7.0618963191074675,0.2722981147472943
PCIF1,89.73157615337206,6.503532815784925,0.2730548030726118
INPPL1,180.38069096111312,7.50287707046273,0.27388448570420176
GPS2,89.67988657960838,6.502710681476219,0.2741501520739551
ANKRD13D,200.0807234712078,7.651630974623079,0.2742937658012149
PBX2,169.89244851938432,7.41694483767036,0.2743752492619386
DENND1A,47.69863374900864,5.605809392632779,0.27465966276901366
HADHB,90.10315299068922,6.509429080037801,0.27476368846426297
GGA3,87.46614625007675,6.467053572896846,0.27491025633536054
AHCYL1,49.51437353155757,5.65862205051781,0.2758502851531067
SUMO2,66.55216986397684,6.077930206432714,0.27649236212902345
PIGS,54.45682636079161,5.793293152221207,0.2771040347304715
AP2A1,128.90548677363958,7.021318556464681,0.2773563577221867
ZFAND3,123.50404183778659,6.960048767768323,0.2774799672475938
SH3GL1,64.70369707944916,6.037902646684917,0.27800946512016655
THRAP3,120.84965421382105,6.928958346747235,0.27822647761142477
AP2B1,156.07588128477144,7.295317864218778,0.27838673305202355
SPG21,109.48617199338202,6.787722008758609,0.2792679866438902
TBC1D22A,46.03360944956918,5.55562014652145,0.2793711007269949
PLEKHM1,112.18442614905938,6.822531650919462,0.2795070708052136
NELFE,51.40073502748923,5.711515143540857,0.2796924100875472
TSC22D4,256.39145710079464,8.007820360649392,0.2796998464857942
KHNYN,97.33475199267487,6.61962945720296,0.2804751938109589
UBE2I,48.8569986037989,5.639724129948051,0.2808755971870331
VPS4A,60.05042216749303,5.931929366461102,0.28092470121642094
C1orf43,94.02597232125133,6.570249976941146,0.2813470829242105
RXRB,62.822667143002306,5.995996994848688,0.2814775809108918
TAFAZZIN,84.70955446493666,6.421384132490702,0.2815251230267101
RSU1,67.90002507097124,6.106432602777151,0.2816043713060515
APH1A,118.71766575610422,6.903492244464079,0.28203241514583616
GPR108,124.6358251528359,6.973104098277026,0.28205195144957634
ANAPC16,71.99483052048654,6.189722391119219,0.28206869023922626
CALM3,230.24313790285697,7.853266744331648,0.2821853212188153
RXRA,356.43987412722294,8.481556772662307,0.2823540228983284
POLR2E,118.03286523478695,6.895216149568592,0.28257863242832343
CPNE1,188.91480193583695,7.56920854311477,0.282660214643491
PPP6R1,236.13934633062337,7.889591245452437,0.2832369943659535
ANP32A,216.71391230778625,7.766289791036001,0.2833162972172756
PCBP2,537.2463227924997,9.072122747953305,0.2834082454735545
TMUB2,99.02010343659617,6.644146191908325,0.2834200574810472
RAC2,1304.2634256576325,10.350125282673783,0.284302164361141
USP7,86.13413093478556,6.445166036274059,0.2843968685394144
CAST,168.11826269673801,7.40188865129295,0.2846985672370854
AP1M1,91.7979906650764,6.536021662213122,0.2849792532912383
WWP2,113.31664024509898,6.836891611277691,0.28501733354031605
ZBTB48,53.43032942374781,5.766338862469185,0.28510280626554424
SERP1,160.29716049743914,7.333577231043724,0.28516161346335556
MARK3,124.68029593601351,6.973614672598692,0.28523787811265583
UQCRC2,78.86241846654197,6.319444856525941,0.28527878598125667
GATAD2A,147.01591588080262,7.209608504329916,0.2859557411650679
WASF2,283.28612915170874,8.15119989873659,0.28604888927811284
SCYL1,88.79603269454643,6.488579801119486,0.28609507978929377
SRPRA,122.83954255946946,6.952328237328958,0.286720722929944
OGFR,177.43343623981463,7.479242173740628,0.2868494163358947
CDC42,377.7613519854887,8.56514531851276,0.28719505237823634
VPS39,97.0892624397348,6.616023312139269,0.28744575634994973
ABHD4,60.46825357011521,5.94176959083247,0.28789574230831344
POLD4,85.29633977233898,6.431227464207228,0.2879692391473029
ARL8A,112.72359053119445,6.829387744023927,0.28799305144275045
BSDC1,73.60857074595447,6.221269466151223,0.2880499441428621
RPS6KB2,47.67854069667398,5.605214013940884,0.2883819139314725
COPG1,95.20544925024728,6.588046708047506,0.28883407114707943
RBM10,73.34299140963616,6.216124835347174,0.28922913386173915
PDCD6IP,92.10517049338561,6.540789383380739,0.28973106919381275
NADSYN1,164.7595421261024,7.3729481127928995,0.29000429699970826
MED28,48.93838497276534,5.6420772595764275,0.2901126199986017
YME1L1,91.03905063227404,6.524174197363163,0.2902212055718487
DGAT1,82.75492280715976,6.388102084160114,0.29046390928557525
CDC37,124.40047422918231,6.9703989937902415,0.29056859094283427
PABPN1,140.4053909442572,7.143693312328607,0.29086777277079434
UBXN1,114.43158564913516,6.850894233726339,0.290876144169313
TYK2,333.98218687913777,8.387940570167807,0.2913931848148342
SCAMP2,119.15959924305541,6.908808096063276,0.2915267268742703
POLDIP3,51.76025819796234,5.721379719749913,0.2916293907141441
DPF2,50.353176012441345,5.682381599779522,0.29167849092613357
ARCN1,92.60902749638257,6.548575762476384,0.29177267342140795
ADIPOR2,63.929339681481224,6.020798632404362,0.29189210476816363
PPP6R2,60.74424542272626,5.948232778354524,0.29195057592335405
SH3BP2,383.5166791862006,8.586902369125207,0.29209080952168265
CALM1,285.226743126205,8.161014663981398,0.2924064053215618
MBD1,61.08793612485139,5.956241070521295,0.2925985063467913
ACAA1,127.45119998634645,7.005076557679976,0.29276858691848906
CSDE1,277.51777945841997,8.121625616147096,0.29282592189566337
PHYKPL,65.04366704254836,6.0453483223042275,0.2930583259559963
CMTM7,72.97673720379301,6.2089997656694464,0.29345138142671817
VPS28,145.56316435405662,7.195378746989131,0.2934978647905117
AP3D1,84.23888790297804,6.41343986553819,0.2934993496312054
PEF1,71.56071304738441,6.181116728053562,0.29350735825841523
CDK12,58.450790706536004,5.893624093097355,0.29366358187425656
DCAF8,101.64898434893425,6.681575542676624,0.29388919330573465
GPBP1L1,89.2376241747782,6.495657179064818,0.2939302283021032
AFTPH,53.99280642453054,5.781171007808201,0.2941288605257459
ATF6B,100.29764894475016,6.662456880250292,0.29420756435844275
PLCG2,185.14955991855203,7.540318395251966,0.29529537894958896
STX4,64.03924783779115,6.023238667998899,0.2953080773747379
SSH3,48.10512925277339,5.617801823318312,0.29549707874096887
TLE4,76.1699446641517,6.269967166127927,0.2957058820966776
ADRM1,46.50946641362802,5.570143098589695,0.29598101151825923
LDB1,124.70227444274849,6.973866943730344,0.29635321225209865
UBE2D3,316.1383791825733,8.30896866862269,0.2964071428791118
LEMD2,63.12327573048358,6.002776222179751,0.29652441641216226
SAFB,105.03436747470826,6.7283881314436425,0.29665315596030634
NPLOC4,109.90294238126089,6.793153832123231,0.29695481846218863
TIAL1,48.52155673708389,5.6299847620560595,0.2970110858332532
CNOT3,82.79470811976624,6.388787231288865,0.2974336338200551
MAP2K7,50.35713764911985,5.682492892080927,0.2980581519898116
STX5,81.25053955804307,6.361953237749343,0.29830464706707654
ANKHD1,116.65940162886112,6.878472794156855,0.29832476322902063
HLA-B,3527.7050859882343,11.784923145564285,0.29845318120982867
SDF4,72.12858580226674,6.192363557613515,0.2985609569837993
LCP1,3680.33241558434,11.846012312205897,0.298705212819626
HDAC3,46.7119514019093,5.576278788132335,0.2987241580068162
GLYR1,77.47144512260658,6.294095863866444,0.29873357253787763
PSMD13,107.53154637817315,6.761970635102097,0.2987369388360421
CLN3,88.25786660506921,6.479907419345503,0.2988380502339992
GHITM,146.71621041987552,7.206684346338409,0.2989476251350281
DBNL,392.9214021527854,8.621763991953614,0.2990023836874631
ATP6AP1,257.16492325506783,8.012149185448294,0.29949799590190807
CNBP,248.87721606853316,7.965075551529644,0.29955070535940165
STAT5A,119.37088163227035,6.911342628339069,0.2996399782182892
LSM14A,68.22042121637676,6.113125815427547,0.2998156311677559
CD2BP2,76.8845280123032,6.283264856077034,0.30010073949607796
MBD2,96.48480222367674,6.607105416667085,0.300136947454512
FDFT1,106.73043148064114,6.751282026887657,0.3006356300309256
PSMB1,68.28464377450355,6.114463724229208,0.3006360569558038
TRIP12,163.34729133361907,7.360603868816874,0.30066315577792957
TRABD,150.69874795131435,7.245065368096098,0.30069707817000035
STRADA,59.24072987957874,5.912667344765556,0.3007762820942022
OTUD5,123.33305300383903,6.958066066742442,0.30078910062640535
PPP6C,69.33975407300875,6.136268385803512,0.30087530029717235
TUBGCP2,97.40562961074305,6.620668946825653,0.3009336571258926
USF1,133.04072395298783,7.066527573436348,0.3010653181149516
CHTOP,73.50841191897904,6.219331408364288,0.3011908069149627
PARVG,173.69869589486396,7.44872502852147,0.3013778901923315
OTUB1,102.81122191314904,6.697818596123366,0.3016906989910864
PIAS1,88.81890081369323,6.488947161690475,0.3020704666287536
MLX,71.6785318855865,6.183457372153722,0.3022390420314658
DDX23,79.94796951390674,6.3389229875343265,0.3024935687563614
GAK,145.11690301225,7.190979270595105,0.30253828206434125
DCAF15,55.037959690973814,5.808332523937684,0.3025908097437234
TAOK3,54.88330144527754,5.804345348956758,0.30261995055067126
ANXA7,71.30071117499189,6.17593793298475,0.302861423325803
PPP3R1,73.20040380043972,6.213355132937036,0.3029066283953479
TBC1D10B,98.56159413556105,6.6375174251767435,0.3030297274466924
RETREG3,69.92482769436829,6.148218835490524,0.30310515746315947
AP5Z1,86.72959242446608,6.454991660964066,0.303215732377786
BRD2,250.5276431161352,7.9745731520123915,0.30337340840460214
CAMTA2,84.90239857388944,6.424626509863955,0.30337707133404695
UBE2Q1,50.14457185374147,5.676509224882454,0.30342069289294477
ABHD16A,93.16204271102109,6.55707371281145,0.3035895767601166
TCF25,140.97028475233574,7.149445186218684,0.3040492738619682
NDE1,59.848317062770974,5.927145456449696,0.3041185108383315
SGTA,51.45344294978775,5.71296556670925,0.30431689762696046
WBP2,487.4714219279574,8.932130349411871,0.3043622272634657
HNRNPUL2,115.74227049888526,6.867183222090111,0.30453240220136
TRIR,139.9980402515973,7.139531300349499,0.30477079873327184
RNF40,64.80107515659708,6.040039251954542,0.304772586614562
ELF4,127.16793247528632,7.001891535616227,0.30479338638102427
STIM1,108.86757630477547,6.779621876280002,0.3049651882103501
NEU1,53.17708541137889,5.759610877211836,0.3050774779924875
CHFR,64.08647175999634,6.02428580489971,0.3051003509615158
TOR1A,51.14205383159786,5.704375505422976,0.30531501997385047
DYNLRB1,68.91561351926275,6.12754276839118,0.3056827008608429
NCKAP1L,266.1494430023463,8.06150319896764,0.305733079088083
COPZ1,69.25433531930368,6.134515350123781,0.3059742613398704
DCTN2,91.55016664732507,6.532163682725546,0.3060521970033034
SIPA1,452.34413330924747,8.824462805018234,0.3061694722954689
POMP,47.807059758191556,5.609017938197668,0.3063987471573807
SPCS1,52.283866139177135,5.73562685930598,0.3064390817067279
SF3B2,204.54031451475325,7.6832775805004525,0.3069712549596665
OXA1L,114.36011993523579,6.850000759378372,0.3070562014300195
SAFB2,65.98457910289875,6.065757097734546,0.3070963801742761
GET3,47.25837898278642,5.592707550582499,0.3071816895489391
PSMD8,85.0612091274896,6.427291204636505,0.3078307438040358
KPNA6,55.12100881417191,5.81046903752518,0.3078453411037242
EIF3D,150.48444580778295,7.243025857347622,0.3081539859301769
CHKB,68.53793937779437,6.11972841111189,0.3081964533597267
CHP1,122.07723431716877,6.943420119955186,0.3082725081436333
STAT6,578.7890012674101,9.179384155172189,0.3083806496945313
DAZAP2,545.647801853203,9.09446781224324,0.30843782424406296
AATF,50.906870602523774,5.697853607037989,0.30875379873727
ATOSB,149.50909156317763,7.233706825975337,0.3087557523525099
RBCK1,149.7897377716667,7.236394436884544,0.3087892999704174
DEF6,216.63022445642923,7.765735121571425,0.3089411931747462
UBE2R2,268.88585071229227,8.07620553248428,0.30901018316482226
VAMP3,110.01708518025156,6.794637909665829,0.30902322437510793
PREB,49.17162308731464,5.648799705944382,0.3093288168590428
CSNK2B,102.62342158531482,6.695206316215828,0.30935118254554556
RPA2,53.017922782035825,5.755366258064959,0.3096682236805622
ANKLE2,52.91818694061105,5.752700079987131,0.3098531048402971
VCP,181.70270393420975,7.5133541752650785,0.31028972623643375
RPN1,174.69245718972994,7.456908444817317,0.3103345249234971
ANKRD11,105.99972777911829,6.741463316006608,0.3104755942056794
UBAP1,232.18809585019335,7.865350331245173,0.31075101516055137
ATG4B,59.078156460782004,5.908768638337185,0.3109031127515142
SMARCD2,85.03892066526252,6.426917521546986,0.31104940610566567
SF3B4,68.5962001875973,6.120936634867125,0.31113644936786233
ZFYVE27,51.50027133859631,5.71425297400585,0.3112871367865535
XRCC5,239.84965492914534,7.911989046718642,0.31132438997693773
SSR2,167.9976179763759,7.400859101620121,0.31153833930385616
PSMA1,61.248536179476744,5.959968006422454,0.31173977714179796
EZH1,129.13147564253964,7.023826146920363,0.3117758177251929
VPS16,63.272899057398185,6.006138642124262,0.3120405932557169
STRN4,122.6818024080688,6.95048943861839,0.3122967661075548
TMSB4X,2740.5401942155268,11.420770910064197,0.31253186414904116
ARRDC1,109.08313333376437,6.782449629432726,0.3126099358600842
PLEKHB2,109.5486247952059,6.788537268176472,0.3127237341753565
RFFL,51.30907297083021,5.708989297473775,0.3128272826291609
SLC35C2,66.76806897463345,6.082533757878381,0.3128812817727378
PTK2B,449.01191630267715,8.81381939424628,0.31291642257659963
PRRC2A,224.67676256263042,7.818114064832739,0.31317974630556306
NDUFS2,71.29700904810967,6.175864058513055,0.3132063510151796
DAP3,47.087989412287335,5.587604702415998,0.3138301576704619
VPS26B,54.626298060755005,5.797695192082321,0.31410571097266204
NBR1,105.19945482887695,6.730632549912135,0.3142255847812728
ZDHHC3,130.4388992238121,7.038248492924914,0.3143107598910678
CLTB,55.13671033752726,5.810872617968433,0.3143332950672806
ZFAND2B,78.05534134557615,6.3047910359333015,0.31436136217919575
GNB2,663.2175176674263,9.375511961875596,0.31457189176292166
ARRB2,1134.9703805105185,10.149709502913412,0.3146311573485073
YY1AP1,197.2542994461906,7.6312083430807185,0.31473835285514634
USP9X,103.79136817084873,6.711376074493725,0.3147616344356031
OSBPL2,123.34241872361532,6.958174737512326,0.3151784111072429
PIK3R5,258.75417383387685,8.021003120890956,0.3152734328389579
DLGAP4,49.213244059972446,5.649996029175115,0.3155651451346887
GRK6,320.30062970412274,8.327779998066543,0.31559896070254045
UNC119,135.96018901712202,7.097612787674001,0.31566204174573215
COASY,53.90510723752764,5.778868448918404,0.3158634430487386
DAXX,71.63204311522112,6.182534258047938,0.31670396203797113
HLA-E,4788.364127364242,12.225618410102854,0.3167553541126867
MLF2,191.60717724650442,7.58951765404131,0.31693527387324294
OS9,301.59740215596076,8.24125579162944,0.3173298217181239
PSMB4,116.95971655561986,6.882150450651772,0.3173337092691729
SAR1A,66.1994943548305,6.070378472318139,0.31735828438273256
YWHAE,118.17307725545918,6.896914538854298,0.31736383357292863
RAB1B,140.1566418021675,7.141153202867073,0.3174865062153322
CDK9,65.91824633403193,6.064327733354692,0.3174876009164166
ZGPAT,49.20878742173904,5.64986797819292,0.3175470358771774
PTP4A2,187.37601648746568,7.5574714864815355,0.3175801527060285
PPP4C,177.3264877360293,7.478377199452351,0.31780793607574837
SARS1,87.95531423355048,6.4750088902547285,0.3182019765370785
WDR1,489.07411296362307,8.936856131492044,0.31824602092477516
ATP6V1F,50.20370885878443,5.678176408206083,0.31830477755894976
SLC39A7,49.31276249651396,5.6528524999869445,0.31832667214463395
PLEKHM2,106.95913499906432,6.754341512433515,0.31834670129131504
MAP7D1,209.31520219372078,7.716409325801685,0.31839329991079623
CSNK1D,236.55217254079795,7.892100590796278,0.31840676573197596
ARAP1,459.8880903284298,8.848272677679036,0.3184579190097233
USP19,59.34470262497343,5.91515522407611,0.3190051318080784
BRI3,195.01257557505565,7.614802406042584,0.3190298885106869
TTLL3,162.73481897687674,7.355217340076291,0.3193107017103082
ADPGK,99.73150231650287,6.654371125635966,0.31962708504529863
FBXW5,177.0605023439674,7.47622372085741,0.3199740269670567
UBA1,313.15650784248896,8.295339656011341,0.3202731963033613
NECAP2,60.55068544325947,5.943703017886047,0.3205383848314535
TAOK2,56.13253208054772,5.836240565630128,0.3209725576230467
SELENOO,49.834062332688234,5.667723621228361,0.3209908779296161
MORF4L1,154.37263635293485,7.279588633841948,0.320996752635599
EIF1B,58.00478421324985,5.882760030394092,0.32108598839755964
PPP1R18,692.7565998268102,9.438285780798155,0.32133506120693406
FERMT3,478.1486292118253,8.904329431052307,0.3215721819247456
RETREG2,184.67628901454503,7.536645783695275,0.3217522044250216
NSD1,57.59692631828104,5.872753085444898,0.3219204490679246
ZSWIM8,119.5207579808369,6.913137841266102,0.32215139979287266
DNAJA2,51.18929352977983,5.705681967664312,0.32223620633271854
EIF2S3,130.30315846820147,7.03675781013047,0.32225932648730043
NFYC,80.50584716696838,6.348831655779504,0.32231486725972947
GRK2,777.4203065012589,9.604405535693518,0.3223372124668459
TPRG1L,71.70496502035827,6.183981984006954,0.3224278439709853
PSMD2,101.45261838389777,6.678813045585015,0.3224474679167597
CHMP4A,47.3506199051516,5.5954624815564875,0.32266409736198004
PHF23,58.15012894531204,5.886309408483017,0.32295119319794874
ALKBH5,81.0819620731981,6.358993312180289,0.32303912210166785
SART1,115.29679540772871,6.861667533249014,0.3231516217442728
DOCK2,292.3356725259103,8.196408717558302,0.32318190501931465
ARHGAP45,967.975122064187,9.920315815440503,0.32321345721728023
PHB2,107.4999756912202,6.761550909217198,0.3232774896812826
LAMP1,220.70327767545922,7.792486289033512,0.32332146711443044
KMT2B,122.11086484884622,6.943814278744662,0.323432321810728
TNK2,172.16422408497854,7.435997088277329,0.3236069550458018
DLST,64.64724673882426,6.036662600300436,0.3237150172374328
ARFGAP2,75.73997289735662,6.2619063503042725,0.3239702364664993
RNASEK,324.8837571788286,8.348213636292646,0.324356046375836
WAC,154.15273863520423,7.277545352194419,0.324483144113714
ARPC2,721.6385421285929,9.497130393140319,0.324670256668351
CCNI,460.57622063831747,8.850425091290935,0.32492128213966515
TCIRG1,1081.5791032523748,10.080256730122557,0.32505300436788903
LRCH4,361.16533921152114,8.500504670517747,0.32547329773595324
APEH,54.920606301965755,5.805308097662539,0.32563885915632745
SASH3,293.3286664128248,8.201284251514673,0.32574499972601717
RTF2,164.3679164157618,7.369535549327955,0.32577434170156433
UNC45A,49.43186952124783,5.6562638022179055,0.3258405536697062
ATP2A3,402.3682038310728,8.655953555373694,0.32596941575059124
KDM2A,194.4945769865896,7.610984777547412,0.3261223579793337
DNAJB12,59.23067318517775,5.912426478588113,0.3261508290108103
YY1,61.34528955344033,5.96220865743455,0.3262951566733962
MKNK2,403.91323708539363,8.66146899694147,0.32632020870027817
SSU72,120.75475679995573,6.927834327401835,0.3264017810448536
RNF167,220.17479558512633,7.789043179523944,0.32642836673814163
ARHGAP4,423.9575408062169,8.731174892840693,0.3266252119948671
PSME3,71.05589061887063,6.171044471425474,0.3266865559489106
TBC1D1,111.63000101972506,6.815447356068141,0.3267341812506456
SLC25A3,167.8430870571128,7.399539302063044,0.3269110856510297
MAPRE1,111.93267540279673,6.819319158801419,0.3269737129697716
ZBTB17,50.79912423433123,5.694855801419502,0.32718397714527153
AGO2,99.45994465177036,6.650476575047031,0.32722518363886594
AP2A2,58.05591091418928,5.884009561280449,0.32754725125343315
GPAA1,71.32835964475048,6.176489527632613,0.32776247328876823
CLK3,138.20668878229398,7.121084723096471,0.3277903178656427
HDLBP,188.39182226321978,7.565230227893552,0.3278724453158694
SIRT2,87.82863050627155,6.4729528438968,0.32814716164839747
MAP4K4,278.36764769974974,8.126021148225718,0.3283571267134956
CXorf38,49.65141532515189,5.662530676925622,0.3284270462361065
OAZ1,1731.958262309545,10.759021192775775,0.32844354828272593
DNAJC4,68.6876261742458,6.122830606908746,0.3284549125948183
PARK7,74.18721661755798,6.232415489633743,0.32854223156117973
PAK2,133.0227169809437,7.066333749398142,0.3289977579461625
MTCH1,197.489188974225,7.632916620628989,0.32970649334696106
RAB5B,176.66093248739477,7.4729826584048,0.32984510619968177
IKBKB,73.29918989411753,6.215274575609366,0.3299104666194126
FMNL1,588.0892966963227,9.202342530343728,0.3299331487915266
DAP,96.75437044776321,6.6110892994287225,0.32993762069796484
RPL36AL,102.47803812135326,6.693180796576952,0.32994792780922133
CHST11,113.01360348740573,6.833062159015244,0.33000337594544854
TNIP1,483.8863444154262,8.921502814262618,0.33016946416413706
GRIPAP1,101.47143109398635,6.679077934002903,0.3302074544781375
MRTFA,105.97610907716101,6.741144825986193,0.3302384598142986
GABARAP,739.5567561678744,9.532466497475404,0.3305938436316113
CFL1,1439.071563945722,10.491924792429808,0.330680717452829
CERS2,62.38300837121201,5.986024231401887,0.330997820760737
PRMT2,91.6318466908424,6.533436370058832,0.3310005195746526
EPN1,136.4759201119172,7.103035132212616,0.33103315905765535
BRMS1,55.542066898464505,5.82125271681949,0.3311372278181397
NDUFA10,54.59742604011317,5.79694618781596,0.3311724437491651
CDV3,110.49406302771357,6.8008230795748545,0.33143462619330216
JTB,137.7288116370965,7.116123632009701,0.3316088611794216
INPP5D,444.3873421214647,8.798916747186276,0.33169638244729827
STAT3,450.21839399616874,8.817682070424011,0.33172736266236014
TBCB,49.41641283809154,5.655821568006452,0.3317521734898757
ZMAT2,91.08043242817196,6.5248227035585735,0.3318598565722904
UQCRC1,123.59612884389362,6.961115434826233,0.33191335902712243
ITCH,67.27402434775485,6.093264887565761,0.3320222848965867
AGAP2,70.0083664307272,6.1499171124204155,0.33229516397612857
TMEM131,51.30614702995218,5.708908597162755,0.3328128460562827
TBC1D25,48.21718001175597,5.621090093203437,0.33295172911122833
SRA1,74.84859076167318,6.245050470876711,0.3330572981506147
KDM5A,80.91234301435065,6.35600895656904,0.3330767413061523
ZBTB7A,58.30390381262358,5.890055171424891,0.33318165749126966
CSNK1A1,113.89394428431349,6.844158949627988,0.33325644367998314
FHOD1,75.01428294590923,6.2481986186962475,0.3334568090673944
DHX8,55.195918286994406,5.812393440974775,0.333466947175481
EGLN2,238.99627764847733,7.906868219526318,0.3336201490283239
WTAP,81.62399388163993,6.368488893812609,0.33362263336044634
TMED4,55.1523012178279,5.811273242847498,0.33390274833821937
DCAF11,123.36993034457431,6.958493908469739,0.33413991273934035
RRAGA,50.96169775986066,5.699376664043384,0.33431879282161886
ECPAS,47.36185155399596,5.595797574723214,0.3345290775169854
MACROH2A1,256.21343301250073,8.006822179386367,0.33478816740993717
ZNFX1,132.36984829747777,7.059288734644674,0.33494739765669707
RNF4,63.31387006814939,6.007058000724424,0.3350047443513575
RAD23B,118.41683681551369,6.899862449139507,0.33503624219838574
PHF12,173.78979927189965,7.449477181425228,0.33505018108148277
CPSF7,106.05416581053136,6.742197126341301,0.3351231423303824
CD37,468.5138658760932,8.875023954544696,0.3352491160844483
WDR13,84.73830112399392,6.421867925801621,0.3352727419621726
UBL7,71.3599096022273,6.177118700517884,0.33535717390646236
CDC42SE1,676.499077776623,9.40407517242131,0.335783778425386
GOLGB1,56.743797687017356,5.851594088572357,0.335805562713784
PSMB7,55.11865075782059,5.810408418021919,0.33641206998835227
STX16,195.17196845693647,7.615975095463435,0.33647515628355623
VHL,48.02456306896442,5.615432867353797,0.33659539351837375
GGNBP2,61.53401517493971,5.9665692474634895,0.3367199533096278
SRP14,87.62858767975239,6.469700218627668,0.3368552623840126
BIN3,53.69029057428945,5.773212822170659,0.3371382064839982
DRAP1,67.39434574264811,6.0958051552876755,0.33715405028792483
WASHC2C,50.300523203483095,5.680901634544668,0.33721103884916603
NEDD8,79.26796125460467,6.326752349596408,0.3372171954517054
ERGIC3,94.8065391151162,6.58205222294687,0.33734396780702014
TMED9,90.67746880368767,6.518495307014698,0.33739944545520184
ARFGAP1,95.9572787198046,6.599277302438562,0.33752260752283786
CTBP1,90.3256043837,6.512947491117487,0.33773172791849876
MSN,1176.7234104248082,10.201785045170318,0.3379906572662429
RBM5,146.12331785295066,7.200882109955489,0.338128439914024
UBE2Z,53.57753407378497,5.770235307017008,0.3381429100327541
NCSTN,134.52516294432428,7.0824169312774545,0.33845968932130127
TMBIM6,733.9012881713252,9.521406670159653,0.33855584157608326
NELFB,51.2233848324624,5.706624063123154,0.33857921830329724
CAPNS1,370.5388012078981,8.537369074528097,0.33871009035418237
UGGT1,49.52987836070102,5.659064801884102,0.3388683403982624
SURF4,123.17336677805258,6.956211961259361,0.33907934856420247
LARP4B,60.806136405563514,5.9496781777156995,0.3390794048688366
ACAP1,416.5019545184214,8.705639141295388,0.3390969002333799
CIAO1,49.39569449980199,5.655228578828547,0.3391598909051093
MAP2K3,392.541415725261,8.620371660621396,0.33934285531223846
STAU1,71.68822377979663,6.1836497469187846,0.3402848324590517
COX4I1,173.97097742447627,7.450971830700013,0.34066545778613083
HNRNPF,150.97378650983492,7.2476786888801685,0.3407922508981932
COTL1,1488.5415279081633,10.540652630654359,0.34092341705510437
PFN1,1240.7349417932642,10.2781415363441,0.3409240008294643
YWHAB,285.63545814409434,8.163073278524957,0.3409393062735718
STK10,486.45446149633966,8.929123636858305,0.34099999754631916
CYC1,53.73909161993674,5.774499588664286,0.34125211157022606
COPE,212.67703057362627,7.739288022159195,0.34150534490411943
CIRBP,219.34595102974248,7.78362657636974,0.34162432946999427
UIMC1,79.64341123777889,6.33348476140051,0.3417570913588222
HNRNPA2B1,428.95562953593463,8.748043974353745,0.3418165948325439
NDEL1,172.7691001788359,7.441027753042866,0.34185553049125966
ZNF276,52.51323136848964,5.74182374284252,0.34191302496160564
HDAC1,87.73272186612432,6.471394318563145,0.34205965685410394
RALBP1,104.9046034852324,6.72662149186199,0.34216006255759335
SERINC3,153.76214899730283,7.273908856792207,0.3421719455579707
PNPLA2,239.7464922816532,7.911370967678432,0.3421760225861713
NHERF1,216.59685440715083,7.765513890829863,0.3422747121997675
BRD4,161.914580468338,7.347971917198856,0.34229107438244666
SYNGR2,196.15237929524616,7.623167311210763,0.34246365446607385
TOP3A,51.15670865562579,5.70478092618896,0.3425664384277056
ATG3,71.71237443555637,6.184129002603381,0.34282876793445133
NMT1,74.18716445472883,6.232414488731137,0.3428484313366382
UNC13D,354.1939572907061,8.472463227935473,0.3429976996821523
TRIM38,100.83463054134324,6.670084446809289,0.3431877943060129
PSMC4,47.07849659707117,5.587319878917725,0.34320886513523885
KCTD20,65.16133948513051,6.0479165381177244,0.34323314601648786
ACTG1,2003.9129500775168,10.96932388332841,0.34326430111193496
DCTN1,111.13753453936393,6.809125445885329,0.34336748673619316
GSTK1,213.3156990108189,7.743593723669256,0.3435019912968809
HNRNPU,284.67595309537364,8.158235791641818,0.3435368327797663
RASGRP2,327.1616826873589,8.358262984311429,0.3437361868035981
OGDH,111.68433572711508,6.816143169885859,0.3438939892420663
PPP1R9B,156.69802266126877,7.301020760399874,0.344061821468883
IFFO1,57.59151698078519,5.872619897834147,0.3442287155664349
PSAP,2584.548480880439,11.336254641299302,0.34429199413871187
CHCHD2,51.02933883091345,5.701253469097547,0.34429484341562194
INTS3,101.06557344590004,6.673352519318195,0.34454756188346725
CDIPT,81.47935851717988,6.3659612070831715,0.34458645790220827
HLA-A,1301.9084255225644,10.34751997279902,0.34468622543637206
NPEPL1,100.7066586815307,6.668270324548819,0.34518279295189963
RHBDD2,103.51732060665735,6.707598235264432,0.34534161564216326
HDAC7,142.06135082751334,7.160490158829735,0.34534518642551987
PTPN18,176.20133919450006,7.469245696839007,0.34540349320822833
MTMR14,98.24996967275139,6.632994756306909,0.3456527114606504
UBQLN1,76.23937432205263,6.271264572664689,0.34580588820932634
TECPR1,68.94043281317344,6.128054818796697,0.34594034832812925
COX8A,90.4205480311789,6.514446562259569,0.3459429593871947
H2AZ2,74.09965002470678,6.230734279473828,0.34622728850451956
SZT2,59.19257041500625,5.911513520628145,0.3462715314196523
UBE2L3,66.61218005345636,6.0792112603275665,0.3464894372453239
RAB6A,61.75034774632677,5.971551549018677,0.3465062733585207
R3HDM4,1164.1436307063298,10.186292095795029,0.34668947456647686
NAP1L4,73.27103938782133,6.214727863168869,0.34669787297866794
EPS15L1,78.16207671618623,6.306737555034837,0.34681716251948325
TXN2,46.271144272593894,5.562887882715212,0.34682084968565835
NDUFA11,47.35964404390383,5.595731720409372,0.346917964750936
ELMO1,80.97372441118007,6.357089641978612,0.3470128021355214
IDH3G,61.413563348975146,5.963787676057789,0.34710535378349266
TOLLIP,84.56618809640035,6.4189689160201056,0.34712454520252845
RNF44,115.02520070970189,6.85829438297463,0.3474882105621176
PRKACA,173.10181320474786,7.4437874179669326,0.34757001464903714
ZC3H18,53.82567304106155,5.776779712448189,0.3476290379258328
TBC1D17,54.98833723131594,5.807054429720271,0.34766131029359726
VPS35,115.23522466441916,6.860903528291031,0.3481469281071799
MON1B,54.6476557528692,5.798249007882341,0.3482796927370345
ATG9A,134.8969401374053,7.0863691624489125,0.3483221725269474
RNF31,69.81998552221906,6.146084643685029,0.3487953043481298
FKBP15,146.76616018305558,7.20717210658057,0.3489448091406213
AXIN1,67.38567718985712,6.095622291184105,0.3490730261991565
ZFP91,47.758523255432884,5.607582526745276,0.3492379159433924
CLPTM1L,48.53286378464616,5.630314128911776,0.34925812225133734
ARSA,93.17506338206718,6.55727319402858,0.34950670462013345
RIC8A,78.6194414339847,6.315048845200738,0.349725755940185
EFCAB14,60.29139002931164,5.9376125189756985,0.3498569915635499
GUSBP11,55.01368602887576,5.807707464086829,0.34992055807243755
ZNHIT1,50.50419501883542,5.6866180395403125,0.35021423949310965
ARFGAP3,48.12594516971863,5.618413259582743,0.3504835589882126
TRAFD1,82.64878858899019,6.386272742033101,0.350565790495148
CCND3,495.40620508872377,8.955377339076152,0.3506002678065605
UBR2,122.30267575660856,6.946060297373577,0.3506125600043102
RBM39,211.7650966786945,7.733117691278325,0.35071707766920396
DDX42,59.07777026435067,5.908759364326465,0.35077283476901383
GAB3,57.224829739243475,5.863562610608033,0.35092344382078455
SP110,128.82870890399823,7.020465630228158,0.35094553963630903
ANAPC5,77.62298025849637,6.296879146040141,0.35115291510200614
PPP6R3,60.69243810150464,5.947021757972852,0.35121921518752774
CAPRIN1,77.2957548422892,6.290862182301418,0.35127962851988004
LSM10,48.47719610455759,5.628691839327181,0.3513757138098932
NCOR1,77.73378942896039,6.298911011176362,0.3515126182313881
PSTPIP1,228.86758004741185,7.8446591960527385,0.3515768535099477
TGOLN2,293.6814277474688,8.203012327464483,0.3519388295862274
NEK9,65.6201357295656,6.057886388199712,0.35207871220355413
RNF166,213.67753274365168,7.746027402418162,0.3522245314451262
TMEM219,54.94872777422645,5.8060334208221445,0.35236762118460496
PITPNM1,130.9564889277522,7.043918486355611,0.3524353638192805
TMEM175,48.65059584754824,5.633739126259236,0.3524561782545445
VAV1,246.17331769662894,7.949379202821177,0.3524652012442784
SUMO3,46.48096756339349,5.5692774292919225,0.35253444604919737
GAPVD1,47.520186250653744,5.600513183317319,0.35269937552649444
SP100,165.5167334756765,7.379523352592822,0.35271117313952866
MED12,70.28969425830067,6.155621628540208,0.35271372897393727
ZNF207,133.3324285453006,7.069663810653433,0.3527671586623513
LSP1,1074.5098440642553,10.070805014367448,0.35287731567150993
HGSNAT,60.03571389415088,5.931581750363191,0.352977060308215
STK38,187.3359126362953,7.557164314751895,0.3530045342981281
MAPK3,157.91645086209454,7.312124668449089,0.3531520843529562
DYNLL2,62.17025959901781,5.981173595892227,0.3532526773985433
CSNK1G2,192.25244425219665,7.594342851211897,0.35338278115322763
ZNF335,65.6461706602306,6.058450078555596,0.3535095005273985
ARF3,154.32467645129665,7.279143238854911,0.35363216429107946
SRSF4,118.75463974502819,6.90393774224951,0.3536714041362118
SH3BGRL3,992.0509951445052,9.955723994691576,0.3537788730371691
SEC61A1,142.41571659752208,7.164059324099407,0.35391134159858895
ACTN1,465.3987003036078,8.865419958012636,0.3540394726502235
ARF5,100.01960770352868,6.6584915341493245,0.3541473548029914
POLR2C,47.000506976045806,5.584977738387085,0.35424348410837797
COX6B1,107.44330976911233,6.760797240842552,0.35439752701413996
TPST2,163.61465532106575,7.3629489715721075,0.35440284517649373
ATP6V0C,559.9415826684921,9.131706723919384,0.35444460674458356
STK17A,87.26131368124274,6.4637093154316005,0.35461276563001987
PCBP1,59.14802488758541,5.910445458528611,0.354619714471003
FBRS,163.42727618972793,7.361305831614059,0.3550892671429102
TKT,1441.7222391426549,10.494577855604303,0.35533859677002483
SLC38A10,114.00249621496138,6.845521366056213,0.35537274513305483
SERPINB6,64.651248669613,6.036750545949572,0.3554461604128241
TXNDC12,62.26007431021112,5.9832233454456425,0.3556582938480702
TSG101,56.82115526949121,5.853525529107294,0.35571455797383433
MARCHF6,99.91412560772616,6.656984321779577,0.35599356264902715
TINF2,86.54509247119559,6.451954402433578,0.3559962354156407
CORO1C,78.09663173331354,6.305544354881132,0.3561154773274039
TANGO2,52.34870011852984,5.737381214008337,0.3562813493396079
MGAT4B,58.61354318631573,5.897568218664365,0.35631893226539607
CPQ,104.35158633951309,6.719068227583652,0.35673468201668623
ULK1,193.18625234781499,7.601297256795017,0.35683562069758
OSER1,106.28354566576374,6.745285013243506,0.35710200736391695
SEC11A,51.29794672037665,5.708682400547337,0.3574795513640005
AUP1,126.43263890769153,6.993591027490639,0.35761329600363945
ARL6IP4,76.22028116592882,6.2709079021579734,0.35771969962325406
UBE2M,75.4602544980093,6.256638097079344,0.3579451696371515
DHX9,88.80055599136155,6.488652472186713,0.35799815187333767
CIR1,66.35954892739113,6.073810572329753,0.35822921311921013
CYTH1,241.56387297034462,7.922220883812355,0.35873298675713067
SKIC2,83.35972194285607,6.398482434775679,0.35882170790094253
GGA1,80.53372026483054,6.349324939478487,0.3589312766704009
MBD6,271.0474725858244,8.087714615103806,0.3590332082405232
EIF4G2,349.0962250724672,8.451607695703974,0.3592676274299544
ARHGAP15,113.80250464306455,6.843010307369432,0.35935020150204566
KANSL1,63.403054805576566,6.009057215654788,0.359411648410485
MGAT1,437.9093744082395,8.777779273979679,0.3594731498673113
MARF1,154.65497476986005,7.282207876193863,0.35968729548564277
RTF1,49.81304621062753,5.667127050289114,0.35998585593624705
RBM42,64.72517333062608,6.038374136415429,0.36011087625184496
FCHSD1,67.19609994024478,6.09161733035742,0.36017070555550773
PAF1,71.51238512987085,6.18015552366228,0.36030818940921777
CNOT8,86.43091952797819,6.450071667074847,0.3605353093776358
CNOT1,81.42862835245938,6.365073582890266,0.3605543227232992
SLCO3A1,79.35469122409522,6.328310347887557,0.3605627341785695
LMBR1L,58.3490633182697,5.891153355474831,0.36058137763420844
SEPTIN2,104.82718120514598,6.725566414140177,0.360877201429534
AOAH,231.55364028695422,7.861419713093844,0.3610653250334895
RILPL2,91.3897789503524,6.5296613504975936,0.36116312176709114
MRPL28,51.82411738388353,5.723124851860033,0.3612681982218189
BAX,72.19478827972233,6.193669022212537,0.3613111960793062
EML3,85.414095466087,6.4331947521883714,0.36135575749156124
ATP5F1A,196.68784703772818,7.627080373146771,0.3613763200174651
PGM1,50.50708203640675,5.686698906141587,0.3614327727862816
NIPBL,62.71360753164596,5.993529621558735,0.3614781834463996
SNRNP70,211.55390907249824,7.731684981556557,0.361510811109722
NDFIP1,57.84831118031026,5.878929108507047,0.3616121024373809
SPG11,84.0355501998389,6.409994199369387,0.36167667449297997
SFPQ,157.52237531702437,7.308542679859277,0.3618094936561467
TSC2,76.19211662799842,6.270381612297415,0.36220163348821277
KCNAB2,346.1198234057946,8.43928994708359,0.3622844038789089
EIF3K,104.21605621819332,6.717211069868963,0.36229307788199633
NFKB1,70.8718732999888,6.167355384472167,0.36245846577768953
PRR13,379.660773794457,8.572362100972724,0.36249011731385766
PPP2R1A,134.7679042232912,7.084998653962054,0.3626294446453508
VIM,1064.4664030617525,10.057269386557564,0.3629288026507852
BCAP31,239.53865617570284,7.910124953173427,0.3631996077318437
EPS15,60.55020087858192,5.94369166006275,0.3632561573314446
IDS,252.84400277646327,7.987798365671052,0.3632734522774315
GDI2,147.91917233113483,7.218385692831519,0.3636803883768382
PRPF3,52.848443314513375,5.750832733902095,0.36381491274732297
RCSD1,138.97408516042236,7.1290159407216125,0.3639610708653076
AKT1,80.46942124581737,6.348186754289956,0.36401726002104035
CLASRP,84.81742186038919,6.423198654968055,0.3640480268346623
NISCH,127.1371789617802,7.001545323701923,0.36413403813968115
KDM3B,104.96030451767652,6.727380084739768,0.3641503771190472
UBTF,72.24154794480071,6.194590377402844,0.3643483653943546
CERK,104.22262520694123,6.717301139312748,0.36451308516086783
USP48,46.99892856889057,5.5849302972711525,0.36463663334663493
PSMD4,132.75344777298073,7.06343227022961,0.3646693130363101
EIF3M,61.77214359307059,5.972052570946935,0.3647421402983183
KLHDC3,51.98446353060389,5.727497479595651,0.36480618681797516
CHMP2A,196.03907055158493,7.622337917437077,0.36486046317630366
SSR1,76.53471146354447,6.276770429079896,0.36496651919370926
TMEM167B,81.62128112249871,6.368441525630246,0.36518737322556866
ZZEF1,81.25956900637388,6.362111607839249,0.3653310412470841
RAVER1,73.47879865001987,6.218757897165959,0.365335507229158
GTPBP2,85.80279960232366,6.439669668746688,0.365548411076689
QARS1,101.62241833374101,6.681202118438385,0.36557443052492816
SLC8B1,79.94663793879627,6.338899255344123,0.36574867985424764
ARHGEF1,698.4351638873308,9.450046518682262,0.36631458537242906
HDAC5,124.63755172370139,6.973123924613237,0.3666856584042637
WIPF1,475.9946739519401,8.897829347187855,0.3667774159939459
ACADVL,221.63764872314255,7.798553767330803,0.3669546538956893
MAPK8IP3,184.47196193038272,7.53505729877007,0.3675751481872728
EHD1,378.76796252729144,8.56897439370202,0.36773866677899913
PCNX3,86.46303466627036,6.450601500727311,0.36778428194003016
HERPUD1,91.98357247034158,6.53890395079624,0.36788620382970316
FZR1,66.78120979031122,6.0828134818259185,0.3679770121064607
PRPF6,65.7550983282984,6.060806119733533,0.3682203217498436
MEPCE,48.07848030366277,5.617018672080655,0.36878069834741367
UGP2,86.07805465644041,6.444237272637927,0.36887134087347195
AKIRIN2,89.46750832644109,6.4993278319113035,0.3690889478307059
SCAF1,56.465428034860494,5.844622367415221,0.36930258163336793
RSRC2,53.78971024061681,5.775833068753365,0.3694943328404839
PSMC5,59.10474731792431,5.90940704025879,0.36956062724922345
SRCAP,103.0316151295839,6.700878218712176,0.369687337084951
MARK2,150.70694170873668,7.245143290782489,0.36979617568675427
ELOVL1,75.2400248935313,6.2524766851972355,0.3700365909658736
PTPN1,109.40502206058595,6.786661988132783,0.3701101369972879
CLASP1,48.93394068700851,5.641948860663445,0.3702150683959804
USP32,145.7500504708518,7.197217189287463,0.37042285577885653
ABR,128.03710428118242,7.0116421582565165,0.37050072482091406
MIIP,95.35927454078963,6.590351626899352,0.3705052729085249
NFE2L2,92.06492645888851,6.540165654104672,0.37058272255843494
SETD2,62.29350674400108,5.983985596614734,0.37060720026005356
NCLN,105.55413073874062,6.735442712325487,0.37076885216511357
DDX17,663.7219575262715,9.376607200494538,0.37083615464904357
RPS9,574.2587138904793,9.168067122011774,0.37124042493690884
AP2S1,74.9740056470171,6.247433982667113,0.37133234598596176
TES,67.08315397414854,6.089225966774139,0.37165088244741745
MANBA,52.83512309983998,5.7504758176447535,0.37167239123047496
WDFY2,62.652523599451875,5.992145807949444,0.3716983378522001
MAP1LC3B,239.94239622164346,7.912544462293082,0.37185174397960774
CORO7,224.48871986902617,7.816911453871523,0.37186016566456165
NRDC,284.07629447457543,8.15520426670097,0.37187700062679585
DDX5,569.9839318170707,9.15730633673937,0.372150978198113
DAD1,77.58394528211277,6.296162694550317,0.372348902874815
KLF3,97.70876085679078,6.625106231075963,0.3726181714458962
DENND4B,153.1327649515839,7.268029766803212,0.3727871951122951
ACTN4,190.80447730972753,7.583492587488165,0.3729081460055173
SUPT4H1,88.11957604904973,6.4776704645335705,0.3729602273309762
ATP6V0A1,98.43209144543661,6.635639647852755,0.373174748501512
IFNAR2,60.32066480237989,5.938301432815194,0.3733873539821269
ARID3B,65.40252221388533,6.053166136404687,0.3734018020420526
GIGYF1,114.22892201662233,6.8483590629180275,0.3734044770938414
SIRT7,62.49417531102828,5.988552346058436,0.3735366451229814
MAN2B2,69.12810605678251,6.131920860694054,0.3736121268313031
ZNF655,59.32706554923818,5.914733502868819,0.3736632766256133
RUFY1,71.035688733849,6.170639934815365,0.3736891117318133
HNRNPM,123.46789806272493,6.959629889677663,0.37372684216259844
RASSF5,313.386503817939,8.2963954757782,0.3738105493632235
FHIP1B,152.7431246381574,7.2643780846349255,0.37396635698012864
NAPA,90.36908081384519,6.513634136503829,0.3739858212489516
PLCL2,48.85740130996521,5.639735782872594,0.37404521073674074
CXXC1,56.651736501119,5.849292158164633,0.37420550935351793
RCOR1,58.26571195786558,5.8891257730961675,0.3743722744931594
GNAS,1232.8181625620769,10.26891407355765,0.3744835426306393
MAN2B1,199.06037436382232,7.644291633030424,0.37460528799823833
GALNT10,48.295677019536505,5.623389230011161,0.37473650459968905
SNRPB,104.20627896017199,6.717077000435136,0.3747872745846121
SYF2,46.38957873656451,5.566497931266811,0.3747995117378416
GMIP,420.79258407127764,8.720389919762553,0.37514074579037393
DDX41,74.72245641679343,6.24264930734003,0.3751655763350339
EHBP1L1,385.1928640867806,8.593177696782796,0.37528805015762456
SNX17,109.8333644776803,6.792248435066992,0.37532925966725494
H3-3B,1139.4592835865265,10.155399225467004,0.37577834713615765
PRKCSH,222.39617162479146,7.803460652116751,0.375996618400558
RAB35,83.13231514363613,6.3945881396341475,0.37600145421953934
MTMR3,380.61682204485635,8.575980957936235,0.3760402396749962
SERBP1,107.39114272901897,6.760103060276452,0.37614308453478174
MYL12B,284.4988745765234,8.157341248336332,0.3762762076396945
CAPN1,179.53460960278753,7.496131626975548,0.376368917613511
RNF216,64.03696438874016,6.023188015837894,0.37651387302725986
HNRNPD,144.05205619906693,7.1804269365148485,0.3768913712407245
SDHB,55.37427851194669,5.81696515950554,0.3769488338177594
TSPAN14,270.4536436001098,8.084562038418238,0.377125506081996
MTPN,205.28824096053603,7.688517775461409,0.3774076241585797
ARPC4,418.41634218695674,8.712239265641156,0.37757548062774077
BIN2,503.07128641103446,8.977483965720422,0.37789742455550773
ANO10,47.89434751978513,5.611595785493731,0.37796409997964997
PICALM,345.1465630208745,8.435239213106712,0.37797381607735214
XAB2,71.22888770589033,6.1745040485482825,0.3781015044601524
GPR107,55.83734537940216,5.828767269147732,0.3781527216619725
TMED10,73.55249336674785,6.220184698337581,0.37842820418568685
CNPY3,247.86838863061223,7.959239179988619,0.37846548999459817
PTPRA,53.62141855222241,5.771394877164881,0.3784984166539221
H2AZ1,103.30112360506709,6.704610889441865,0.3785031972318864
DEGS1,51.830228260761125,5.723291738166939,0.3785657759653286
GABARAPL2,163.29579262703635,7.360151725243293,0.37882182258671876
PITPNA,98.23225032098172,6.6327371652643,0.37887283805646244
PAFAH1B2,51.70047303860689,5.719744006415686,0.37901898561983927
SFT2D1,45.965511148676825,5.553529805727777,0.37902674883350995
MYO18A,108.30171756641343,6.77217226146229,0.3792459513619508
ARFGEF1,53.44924591623247,5.766840163656079,0.3793006961846766
PAK1,184.91233005079738,7.538478645418041,0.3796262108973588
TUFM,80.37099893982143,6.346442796740572,0.37964286314051626
BLTP2,60.25031481322731,5.9366453541587285,0.38002687473449026
EIF4A1,459.8263881830648,8.848079521595805,0.3800341528792915
BCKDHA,51.42704901552596,5.712239437413718,0.3802802633322845
MICU1,79.79167650340214,6.336134763039998,0.38034308587832005
GARS1-DT,65.38378662454812,6.0527590200048,0.3803888000327687
TNFRSF14,152.63705745428985,7.263382427691796,0.380512924910133
MED16,93.79872392255471,6.566795734148104,0.3806587510693887
CSTB,121.91300781354172,6.941493793158534,0.38089704611310915
TNPO3,65.08917362649395,6.046342051421823,0.3811339776197045
NACA,389.3591464070128,8.60865826326957,0.38117610823631126
ANXA5,198.09176238308245,7.637289719145867,0.38133384936927195
ETV6,112.60514045368797,6.827884305772755,0.3814735985268937
IKZF1,177.28024202872712,7.478003014405393,0.381593714985605
UBALD2,259.8632900382888,8.027150125091367,0.38173493927716523
TBC1D10C,228.38781701213583,7.841644960365978,0.38174437539908396
MYO9B,386.31073734394505,8.597347687263207,0.3822361155829368
EIF5A,124.46341124214386,6.971122883705464,0.38249685149586743
FAM120A,104.05769406613943,6.715038013704614,0.38256035587965515
PLCB2,369.51054912503724,8.533370809103987,0.3826024307264538
SRPK2,54.72066986072535,5.800140696669629,0.38264570640176
RBM33,102.90788540251232,6.6991613319805365,0.3826588004385598
NBEAL2,1089.1385289329792,10.090295761229282,0.3827886128280559
STK4,237.29695960260023,7.8966167342771705,0.38285653527346775
LIMS1,47.76549664027091,5.607788844486319,0.3828911588492374
YTHDC1,62.68946775523381,5.992982910483569,0.38307400723750507
MIGA2,46.07929373514183,5.557020772688292,0.3831032099375662
BCKDK,96.44703311609773,6.606546356575233,0.3831222556655974
FNBP1,153.59951088791587,7.272391944738039,0.38313103348960476
AURKAIP1,61.73648572511669,5.971232811685291,0.3833058877354569
DENND5A,215.75302902885628,7.7599083443954235,0.38341469913039866
SLTM,54.86759506125881,5.8039398126578705,0.3834432095302645
INTS11,78.00293820211239,6.303834404516224,0.3836483949570219
HLA-F,266.54669754448616,8.063646910956209,0.38369740401074665
GLUD1,55.93391007282674,5.831216278561023,0.38395494881242387
TPR,78.53646829354612,6.313544597582318,0.3841890922186235
CTSA,219.06911464390197,7.781812875773552,0.38425163616967456
HNRNPUL1,208.77696037170682,7.712712426399485,0.38434379782458006
KHDRBS1,67.76299601056799,6.103560499439016,0.3844373607022725
AGPAT1,75.55415397733235,6.258408758176117,0.38453602626476296
NAA60,76.55222451928479,6.277096259216582,0.3846033613783726
SLC25A28,57.79427619553255,5.877603805964926,0.38460595184942564
RAB11FIP4,76.69159794833986,6.279686679959315,0.38491947465143106
AGO1,54.460179017198435,5.793380368077008,0.3849812571218606
CMTM3,76.89078463436385,6.283380746040226,0.38510434676780364
TMED2,58.332456109460495,5.890749600314567,0.38522793919968584
AKIRIN1,51.09553166087279,5.703087729825801,0.3854557438849744
TARDBP,61.00599247307542,5.9543357441516935,0.38550292895237903
USP22,53.162023766278494,5.759209741167818,0.3855610145519532
THEMIS2,612.1176724005875,9.260020179019742,0.38558367813400085
CSRP1,48.59643313334696,5.632164463768296,0.3856246669125121
SNX1,127.3110990346601,7.003502160121989,0.385943717349583
RNF38,47.37266492313945,5.59612011510842,0.38596904227777856
APLP2,579.2382018409893,9.180501472887709,0.38609260346856406
NCOA1,95.48833526793307,6.592282636560355,0.3861614386733819
MAPKAPK2,267.04652095098226,8.066339599863765,0.38617370024589825
PPM1G,69.90445191477941,6.14780430844152,0.3863228433238546
CTSZ,324.1910254477828,8.345143632548558,0.38635429378829655
CS,83.5070435436924,6.400999687904225,0.3864805302252341
HPCAL1,135.93907088939036,7.0973903188858625,0.3864818071119116
YIPF3,125.48796891094635,6.982856357160986,0.3864945802410726
INPP4A,77.91805983358995,6.302283583350444,0.38709223619615807
YPEL3,596.8811635568173,9.223714948805908,0.3871288669891339
CCDC97,48.92820416104137,5.641783111017542,0.3872836017690154
ATP6AP2,93.78776304075289,6.566628916247839,0.38751803130599966
STK40,301.6199503215855,8.24136329061839,0.38755513416580856
LYPLA2,58.497278218684016,5.894751766833631,0.38764420974992314
ITGA5,227.49084422689307,7.835992546510588,0.3876664899213623
COX5B,69.80929793551323,6.145866907239679,0.38772062387065287
ORAI1,64.70493615420638,6.037929853527627,0.3877274268185605
NONO,169.98977523908013,7.417766247909832,0.3877666286409859
CDKN2D,248.4194400236329,7.9624301045521415,0.3878488954807084
DCAF5,70.67886927686699,6.163475974170112,0.38787662046990135
CGGBP1,65.7801370744795,6.0613471496011915,0.38809664452802917
NDUFA13,55.39734464349091,5.817555332691388,0.3884102252709367
JAK1,278.8045710831177,8.128275721344858,0.38849436235256346
DIDO1,63.29396397923476,6.00661139626673,0.38852596218955476
FCHO1,74.9920502639489,6.2477765970664745,0.38869236804148705
NCOA3,57.20494043709061,5.863069709216606,0.3888612553492212
EIF1,466.48818814032165,8.868786103167164,0.3888669153237755
CELF1,125.04963827089023,6.97784816782408,0.3889137166099568
ANKRD10,54.14975894758663,5.785282674885682,0.38901329494251796
G6PD,252.4407625069837,7.985504770832778,0.38922222659847455
ATP5MC3,55.371740640510936,5.816900210435712,0.38947570077293037
GTF2F1,60.27929115410936,5.937327703926246,0.38955941514966813
VCL,113.77816159173486,6.842704361750046,0.38967148432713744
ANXA11,531.488033203451,9.056605293269012,0.38973832417780946
ELOB,116.85906358867855,6.88091889865251,0.38984469675094074
UBR4,147.39669862240703,7.213315186490442,0.39000248994665926
F11R,120.42745861654551,6.923950887567185,0.3902505908898504
SLC25A6,401.555197549302,8.653042805972971,0.39026394449441587
EMC10,57.64784268836041,5.874006135791686,0.39041450179586495
CRTAP,89.13215968469892,6.493970054859073,0.3904919718961055
CTNNA1,117.27905922102467,6.886050863349319,0.3905097514625569
RAB14,57.51992366109331,5.870855982377536,0.3905547033666801
ADAM8,662.6882335078831,9.374361886771311,0.3905970161998967
RAC1,185.8158055447184,7.545472709149659,0.39060434493585044
GPSM3,799.1250186722373,9.644081626933344,0.39064158001462496
RIN3,508.2964549216455,8.992361864825286,0.39067986255399817
RNF145,62.11154648405377,5.979832070481329,0.3907295067349944
GDE1,64.60517041236504,6.0357376145223665,0.3907370048681465
WDR26,226.57330747342883,7.83018754076705,0.39113285610839915
CCDC69,240.6725962041051,7.916910081736915,0.3912934896906327
INTS1,121.03154325194441,6.93111029994964,0.39145415237139447
CDK5RAP3,118.46727350140816,6.900471654645922,0.39146885349900984
DGKD,174.25475422124038,7.453309771233868,0.39158786269277474
EIF3H,140.21307485311507,7.14172986303299,0.39172418861799657
BABAM1,71.32430033567582,6.176408556497014,0.3918577202662578
ARHGEF6,81.26454929043149,6.362198951034747,0.39202229101009034
NARF,225.81864411485412,7.825395422058991,0.3920653757486071
ATP6V0B,345.88755588024475,8.438324276602893,0.3921738260565366
PARP6,63.37517435515087,6.008432529503138,0.39226484448996235
MAU2,108.84626911332748,6.779342059780727,0.3925092218084373
MDH2,79.21403014067872,6.325782693713363,0.3925121885935837
MFSD10,100.56753059634931,6.666295460641157,0.39271436716120817
ISCU,87.02307866834668,6.459809926763899,0.3927354414256235
AKAP17A,174.16411977327115,7.452563476549201,0.39277525880002395
PPIB,62.29726105599236,5.984071168847015,0.39299242596428696
KDELR1,65.10603984536486,6.04671018593769,0.39306985225832436
SETX,97.4733711613133,6.621661743442289,0.3931058444225017
TRAF3IP3,82.44243760132778,6.382709398765893,0.3933846067171067
PACS1,214.87230090257475,7.754034329317859,0.39347683864166955
SNX20,83.56406913991094,6.401972894345966,0.39363980727934517
RBPJ,164.38923358027318,7.369721511551715,0.3937864797007285
SLC25A5,106.25701519502705,6.744928200726509,0.39397784680037984
PPP2R5C,130.78882338052753,7.042084214618405,0.39417913479987293
SIK3,83.02367308026908,6.392723949253353,0.3942062727129926
PGK1,894.4350819016263,9.806445031909442,0.39474016661362266
MAST3,231.64234807490448,7.8619699254366715,0.3947595104925632
ABI1,93.00336883420154,6.554640555010687,0.3948047497752056
DOK1,53.26950623723721,5.7620698774882575,0.3950198005544279
RAB4B,53.42530373305139,5.766205648618149,0.3951649115077488
IL16,189.35341572024117,7.572536647767571,0.39524885872260923
RAB5IF,173.37509309200806,7.44605017691493,0.3952901757262332
EIF6,45.83016930051455,5.549366348567545,0.39533510173989445
TOP2B,76.46573593472608,6.275486424270776,0.3953363722477242
NUP50,70.39961159942992,6.157844321171143,0.3953444330257245
CTNNB1,101.4240476708631,6.678410668612852,0.39572662074318904
DENND3,603.381721893003,9.239316220010982,0.3958023095025982
IDH3B,59.362201219512826,5.915573512259094,0.39583846000960843
GLTP,46.88140689272522,5.581393638299478,0.39591335243577497
DELE1,52.2644188892941,5.73510021636153,0.39615806864617586
NPC2,137.92177592100452,7.118128948567701,0.3962573191073166
SPG7,71.52223489999169,6.180351479835036,0.39640172741449986
TMOD3,52.93376951100594,5.7531169643521265,0.3967147061558268
POLR2A,223.86098036181204,7.812889524867921,0.3967296907319278
U2AF2,116.75459134267834,6.879639502505995,0.3968042269387828
FAU,287.0185068938639,8.170017706116518,0.3968690213085648
IL2RG,560.348206493329,9.132752147671672,0.3969439336666896
RABL6,67.03925963394347,6.088295537354717,0.3971725389820255
AP1B1,92.52820550459765,6.547329602189382,0.39751168484255567
BTBD2,53.737158194081935,5.774448630691252,0.39756723573485336
ANKRD13A,181.24642478420486,7.5097467025618325,0.3977392663539693
PPP1R2,52.57805861129142,5.7435704012896505,0.3977818807744822
CYFIP2,254.8971594628483,7.999420322882421,0.39782476189012944
EIF3I,69.31065755089858,6.135671481631393,0.3979416611130052
SMARCC1,47.91020993470899,5.612063751980026,0.39802290485213243
SP1,202.5301084235836,7.669098419452359,0.39806855191219526
CIC,185.08417837054202,7.539811586618857,0.3980781446305106
CCDC88B,461.397894555897,8.8529910185807,0.3980922539883534
REPIN1,46.539329241370076,5.571049642530859,0.39851483986272473
NIN,155.7103304344306,7.291956476000555,0.3986776111528301
ATF4,211.44709264245088,7.730959790149771,0.3989675040853138
FAM193B,194.85587723926844,7.613648611077045,0.3991987482240076
MICAL1,438.79385151829456,8.780683624695047,0.3994738240080196
DCAF7,51.714698522014324,5.720133381762459,0.39950091940210575
DDOST,112.3196458292767,6.8242541875922145,0.39956251158138334
ZNF316,81.36538696578492,6.3639662849190755,0.3997665557029036
MCRIP1,59.40680601808758,5.916639201645827,0.3998071220336405
PAPOLA,118.57014143603071,6.90171336041275,0.4000553110792078
CHMP1A,131.6114356787869,7.051061380652811,0.40014273664813516
C6orf89,74.19739804096979,6.23261083792946,0.40023432467043785
PRKCB,258.24065739634153,8.018148187411736,0.40028077705957676
YJU2B,50.70447833522439,5.692217338526419,0.4003163845619429
IQSEC1,343.7501702979186,8.429407454169244,0.40049614047970616
ARL6IP1,72.68299989989573,6.203259894815505,0.4011564956481579
VPS37B,93.55939284677908,6.563148867080547,0.4014569338453163
PSME1,230.7727961752178,7.8565674328823905,0.4015525011008577
MOB1A,194.98926665938257,7.614630837169856,0.40157230411495065
GTF3A,75.35649230248664,6.254678924003725,0.4015834712531097
ITGB2,1609.5893855789232,10.65337301526976,0.4016392516247864
PLPPR2,219.015143731395,7.781459018225891,0.40164505684767465
SQSTM1,125.55357601207996,6.9836044638926476,0.4016721982920338
TM9SF4,61.185916587096806,5.958515981183357,0.4016939489898032
C11orf58,47.778013256409125,5.608159092802164,0.4017579447244984
ILF2,57.47031332490793,5.869632417195936,0.40182880342560057
YWHAQ,68.17493369388497,6.112177450859575,0.4022030789243029
ARPP19,61.45894481266661,5.96483629142497,0.4023015291533175
ARID3A,79.7679251537578,6.335710573400488,0.4023999665250321
VASP,835.4835244397786,9.708193314684967,0.40259633551591545
WAS,537.7459286241675,9.07346125137615,0.40273697319524854
GUSB,69.16640347397667,6.132708510836915,0.4027637852036832
ATP5MC2,120.38129493659814,6.923402306744153,0.4028716460796478
TMEM50A,104.03442529117271,6.714718442018708,0.40297723665497737
MYO5A,49.34840779562894,5.653874250444731,0.4031819191067277
SLC15A3,123.91790327765702,6.964836449097652,0.403190259808396
OIP5-AS1,57.57795174683286,5.872285843305241,0.4033606631159968
PIGT,68.45968724590345,6.118104009641344,0.40347843842803516
ST3GAL1,128.31459195274698,7.014741268867777,0.40352663596359
PTPA,67.0990608812325,6.08956299780414,0.40356601904958056
NAA50,49.69360571853225,5.663731878014585,0.4035779717905541
DNAJC5,208.20466559236397,7.7087712160818995,0.40363042517229863
FGD3,659.4866722809151,9.36738563992476,0.4036722213946208
ADAR,496.05413496530684,8.957259176356693,0.4036824594674004
SLC44A2,450.8443316644636,8.819682014146432,0.4037529590656759
TGFB1,612.3871957411769,9.26065424090279,0.4038832817801892
TUBA4A,488.3776441618213,8.934804387241169,0.40413143777255883
ARHGAP25,239.7872438067645,7.911615154197137,0.4043006690839338
MVP,456.68936519775843,8.838224959854648,0.4043709440363979
RGL2,182.31414323836046,7.518174288214961,0.40448311685681837
MID1IP1,55.509624279880455,5.820424691944468,0.4045546129606901
SEPTIN7,81.58826493783789,6.367864896886336,0.40456401287313776
TTC7A,57.909047154991285,5.880417312700559,0.4045936455668218
MAML1,53.827846048161604,5.776836892310604,0.4046016372717611
RHOA,955.8993278841305,9.902223341443067,0.40468899976704564
PRDX5,164.09508567533152,7.367153366492593,0.4047880625578082
HBP1,57.836808321526895,5.8786470827514385,0.40482260397257025
AGPAT3,53.493698558639906,5.768017506725406,0.4050254790084103
SCAND1,50.657436333891695,5.6909041417471355,0.4052782536384069
TNRC18,110.31145391383205,6.798458242961982,0.4054501819162977
HEXB,72.22662475653112,6.194296393947077,0.40545512512083925
DEDD2,216.70323464447293,7.766219033088036,0.4055409212351449
GBF1,62.21979003783752,5.982304338736645,0.405677221810352
HNRNPL,243.2174622731734,7.9320225507642945,0.4057764438869058
SF1,412.2976781813134,8.69103744875523,0.40599025106850195
RBM23,124.94881516755954,6.9766937401126485,0.4061578468148892
DGKZ,217.4638964582727,7.771251068107947,0.4061646916646663
MXD4,77.26078939767878,6.290217757315856,0.4061855023877422
CAMK2G,108.56006383742985,6.775578201546906,0.4062274314701345
PNN,64.90477544052116,6.042311101163879,0.40629496078227156
RAP1GAP2,118.03960250532825,6.895297803922779,0.4063108689674081
PKN1,241.75137192769543,7.923335638942116,0.4063407073007276
ARHGAP30,547.1921490431581,9.09853785646886,0.40644835484019814
DDX6,112.52360632516448,6.826848515371012,0.4066570008992265
ZDHHC7,107.580212161523,6.762617397727465,0.40694909344959035
NCF2,1336.210486968422,10.385010858997173,0.4071367877453172
ZNF687,60.023204207230485,5.931286029843509,0.40714795157855554
AIP,75.10693881684293,6.249956087910432,0.40716865962257537
LAPTM4A,117.93539660226925,6.894034332131649,0.40723485061591613
YWHAG,56.59043409793955,5.847757291527817,0.4073525576775188
UBE2B,129.0642495339804,7.023080655997873,0.40738638223065277
CLTA,56.465171758904894,5.844615933479421,0.40748600745923497
RNPS1,78.76991088591318,6.317772761113953,0.40751946704535225
CASP10,56.282632309783224,5.8400258852027465,0.4076990392978901
NOP10,111.83404850516439,6.818058667062859,0.4077091833182996
HSF1,82.78841855001538,6.3886789395858345,0.4081764286590297
SEC22B,48.617140373530546,5.632766684454462,0.4082435776473886
PRPF38B,51.80582371616622,5.722625141575535,0.4084850999801343
EFTUD2,65.45394814329211,6.054283009927432,0.4085935532315229
KDM5C,140.18234422494558,7.141415871218369,0.4086095625512183
TMEM71,113.57143581017593,6.840103595548354,0.408925096394258
PTTG1IP,186.1222374221187,7.547837206997203,0.4089770472768017
DNTTIP1,59.22838300282097,5.912371621197829,0.40927452704685885
STARD7,53.07647064438618,5.756929090627316,0.40928826490145837
MPP1,376.7530925949359,8.561299756291538,0.40937777576923834
RIT1,73.40091245675715,6.217248409618066,0.40942785829810613
GSDMD,127.44069487211203,7.004958565041658,0.409517586329449
ME2,49.390422706879576,5.6550776534883616,0.4098884463063181
ITGAX,1247.292485301694,10.285740293906501,0.4100771230779032
SLC25A11,51.489791232176046,5.713964954411605,0.4103163196487693
HNRNPH2,118.51116659675702,6.901001613345754,0.41080185433287597
WDR82,99.83383240939037,6.655835972063319,0.41107684081887136
CRTC2,153.82172654414885,7.2744641326914685,0.41115270472523446
SRSF1,67.57713051641163,6.0996556335098076,0.4112065999267428
TBC1D9B,75.07714205575238,6.249391145246748,0.4114286652697602
PXN,285.3351751198564,8.161561100258067,0.41147541842104657
RAB2A,57.81121429035158,5.878019373392357,0.41149201447814865
CSK,337.20961351646827,8.401773858320421,0.41153193891015494
UBE2F,75.31807239917585,6.253952827875581,0.4116915397069682
GBP2,426.1483974705182,8.738593559623125,0.4117657609860388
GNAI3,113.5638827754527,6.840008483840477,0.4118786491772361
FAM50A,53.31018849156601,5.763150965245327,0.4123124017744097
LITAF,1328.0480167324408,10.376177512865624,0.41233538719024765
RHOT2,121.09036193980006,6.931805505329561,0.4124007073973713
SH2B1,50.11304908818075,5.675619751050163,0.4124176370230602
KAT7,49.615832996731996,5.661516835793016,0.4125721207216703
MAT2B,62.18744684514142,5.981566068272421,0.4126098151199269
ARHGAP1,80.00451633976996,6.339930441395081,0.41265936079792914
PGAP6,196.30241428113976,7.62426479941003,0.4127895503809628
RHBDF2,134.71660500293808,7.0844534358802065,0.4132274317600309
MAF1,141.20355009885304,7.151813671933726,0.4133364046542531
ELMO2,87.60833327637661,6.469370480023816,0.41356684386998804
PXK,75.59205191965104,6.259122784021405,0.4137034468181273
OST4,76.320192555927,6.272773325286162,0.41415143920839076
SDF2,49.605689029190415,5.661227674922417,0.4142082448079495
LAMTOR5,62.156826424289235,5.98086677373322,0.4146457754749011
NAGK,139.40705690629645,7.133471637581474,0.4146604012618085
CDK16,66.58864341872895,6.078708952935179,0.4147406327567552
FTL,3482.213112772068,11.766203028426139,0.4152519620020346
MYO1F,1444.5128296628202,10.497365698187384,0.41530914009478415
EIF3F,154.5343607053206,7.281089526034334,0.4153207257451319
RAB1A,94.16753107406201,6.572397538711027,0.41535579636095776
HIPK1,124.64151460671005,6.973169429650709,0.41541594747691923
LCP2,305.7958937079481,8.261135363075724,0.41551893570864773
IFNGR2,208.14535732153203,7.708362162685941,0.41556351028215943
BTF3,186.62343005903605,7.55169618990573,0.4156348607302019
CRKL,74.4239747957353,6.2369512764859145,0.41570777029518796
PTBP3,138.05269152730207,7.11948785977763,0.4161448561775379
SCAF11,79.04417840467109,6.322724574554258,0.41618591094732527
PUF60,75.2467420064771,6.2526037879713225,0.41636040653797535
NUP98,165.5573639689537,7.379875330797675,0.41660537663495206
RSL1D1,64.21866743259591,6.027213058696436,0.41668427044881756
TUG1,72.50227532414601,6.1997170053541,0.4167532954162285
DNAJB6,81.11614942686501,6.359594073368813,0.4168934312616152
RUNX1,61.96071717112062,5.976380069235405,0.41697433288466307
DOCK8,199.1221188344089,7.644736822131589,0.41704626292949015
AKAP8L,86.73054732737103,6.455007364059795,0.41716904809582195
RMND5A,51.41008748792423,5.711772612149569,0.41722174099073034
PUM2,68.42775430985377,6.117440602082308,0.4174115634040674
SLC43A2,264.7143620347006,8.05373239831923,0.41754920102754994
B4GALT1,158.4679957933061,7.317123103149079,0.41773528526197456
MAEA,122.91583117489542,6.953216704117555,0.4177628008900243
PACSIN2,183.64442085095726,7.528605861025221,0.417857444306012
SNX27,119.49808033506618,6.912866352718422,0.418147290511551
BRAT1,50.11083353440781,5.675557214422526,0.41822848713848404
PDXK,86.7930467460899,6.4560347769922934,0.418494118517429
COPB1,88.08460425780628,6.477104219338214,0.41858209759073234
TATDN2,66.71327076301239,6.081366702509435,0.4186794742049672
TM9SF3,53.48874457179748,5.767886346291673,0.41875610484183984
NLRC5,250.6184669970827,7.975093999382278,0.41876136312930146
PPP4R3A,53.96735091370973,5.780503046961845,0.41884247903954447
BTK,74.31021206690784,6.234773602538208,0.41884687218940525
UBXN11,87.44661776408019,6.466735069591845,0.4188733093591891
NDUFB11,52.852330554787905,5.750936876185715,0.4189191758052266
LIMD2,428.7086313554858,8.747214945915415,0.4190227702997132
PSMB10,129.55883711738394,7.028556302223924,0.41905648171392945
EDF1,110.0387026499506,6.794918806792939,0.4190716679361178
SLC35E2B,60.2861737026865,5.937489730296773,0.4192640434105486
PCF11,59.067112562238975,5.908503409787871,0.4193201466629914
B2M,3088.917102658604,11.593352418200283,0.419330868732939
TRAPPC14,65.89782633488306,6.063887430016713,0.4194501491181847
TNRC6B,57.481243188553094,5.869902075173896,0.4195204943043304
CACUL1,65.55793152894604,6.056538693340797,0.4195982053033637
SERF2,303.17609391052514,8.24876296166685,0.4196057113968059
TMEM127,197.74088330388076,7.6347448719883415,0.41961908038488505
PRAM1,137.31700683438123,7.111834744434956,0.41965403976433163
TLN1,947.41005886452,9.889367153941127,0.4196976563123743
TRPV2,59.54260624090285,5.919878876592171,0.41971245290698495
AP3S2,77.27849161148092,6.290544051087099,0.4198462491237786
N4BP1,122.01684590050156,6.942712081217119,0.42001527960628804
UNC93B1,108.23551082681499,6.771298120808851,0.42029563399158176
TACC3,200.35268476908232,7.653580898597841,0.42045191683561917
WWC3,87.3690503762386,6.465469275738512,0.4204682052149294
PARP8,134.92722173036583,7.086690598953121,0.42054768940293763
RNPEP,64.82551070005307,6.040574904194414,0.4208799501034359
CYLD,89.44603200552552,6.498985306064204,0.4209633040348614
ZNF516,97.1868653349131,6.617458139961209,0.4209723376196951
TPD52L2,228.85924314589644,7.844606871037676,0.4209858083902742
IRF9,121.79593502277955,6.9401189929946705,0.42101342826427923
YPEL5,147.34697926925608,7.212831739864669,0.42114095228825066
CCT8,56.75286633134014,5.851820645561342,0.4215000668397578
SH3BP5L,104.12827431731893,6.716006925026067,0.42153215224705903
NUB1,51.86369282982723,5.724205303847014,0.42155123227070856
ERCC5,46.81402464824976,5.57936194160405,0.42158167428371374
ELOF1,46.51894131429218,5.570430789240801,0.42181832886161513
PGAM1,111.24231554864365,6.810472866818147,0.4221025312633924
ATF7IP,71.97376741653281,6.189306032583752,0.4223950208498246
FAM53C,250.97733820937614,7.97715017936067,0.42254315299175865
CHPF2,63.43490645315506,6.009770549124099,0.4225509935952512
CD48,114.0904861912914,6.846624769622542,0.4226653130695103
AREL1,77.52975979396558,6.295167579094289,0.42276717393617946
LILRB2,351.9836138039614,8.463457402074383,0.42347290194768283
STAT5B,505.9802526536854,8.985785743801298,0.4235547684034021
CLIC1,866.4017577355136,9.760556556510142,0.4236833980822365
VPS51,77.63497550494127,6.297099236432515,0.4241809617770656
DIP2B,56.627849810020784,5.848694286288326,0.4243681452390605
ENTPD4,75.15894318482168,6.250941554197672,0.4244202966168729
TMEM184B,56.53193706529099,5.846291140590871,0.4244853676819915
IRF2,103.06996247891475,6.7014099160877825,0.4245057188950511
DUSP22,68.41785500115009,6.117234881733352,0.4245680514497423
ATP6V0D1,361.1039549492036,8.500260123988548,0.42458979705069805
RAB11A,64.57713978723632,6.035121073398488,0.4246489334883569
CD44,668.5060066677854,9.386953188940371,0.42472568015094614
ATG16L2,646.7548102352604,9.339304013691153,0.4252000148805768
CLTC,153.74477092483252,7.273746849047722,0.4253580102431682
ATXN1,74.18056481456678,6.232287848950303,0.425475837856926
SIN3B,53.283753774292315,5.762448582856851,0.425827134162967
IRF3,87.21701110216996,6.462984975912309,0.4259321048516001
CCAR2,49.04031491625394,5.645018963661444,0.42597018916139784
CHMP1B,58.70519896254392,5.89978465771594,0.42598598571667257
KBTBD2,45.93171224566885,5.552491191163888,0.4260009920627413
PDLIM2,68.18059303589695,6.112295475847127,0.426003892107964
IRF5,50.44759784638176,5.685031812317252,0.4261587257752445
FMNL1-DT,46.78208832932061,5.578398003443339,0.4261742153950088
MAN1B1,63.571709270271015,6.012830311892173,0.426383142645216
DUS1L,65.32019812227519,6.051376411576228,0.4265024465618902
P4HB,332.59142962037913,8.381938414399611,0.42666336827051904
GPBP1,59.18165913406172,5.9112519754284705,0.4266984413184017
SEC14L1,372.4924390796712,8.544935227400554,0.4274726025122123
TMSB10,511.57839995377503,9.001628874537356,0.4275939320169516
NPEPPS,82.08418033781294,6.376501901355278,0.4276329434906697
MAP1S,53.33405058924491,5.763784698443357,0.4277516585592224
HERC1,65.7963946885654,6.061698330740942,0.4279349683369521
HNRNPH3,79.85568331697715,6.337277278667305,0.4280380364331455
PSD4,279.6928706907973,8.132848611125517,0.42818749469439077
KDM6B,329.0146110981602,8.366386089676773,0.4283087848935715
TAPBP,136.96132247740556,7.1081200532196895,0.42920234460931783
DYRK1A,57.723507504273165,5.8758662365680685,0.4293602104080635
KIF21B,177.33437072029295,7.478440972877647,0.4293703901133213
DPP9,51.75271977614271,5.721173571766932,0.42944713154883934
SRSF5,163.01737220080017,7.357704818402299,0.42964761292572473
SEC16A,93.36325632423168,6.560153299409645,0.4297725293051794
CCNL2,103.43476887496348,6.706458289926499,0.42997112767346857
CREBBP,128.72135133113477,7.019272147578493,0.4300145930591755
RAP1A,114.87082031443653,6.856373488751609,0.43002360262598693
LRRFIP1,156.3684350613677,7.298002384068749,0.4302759068836886
NUCB1,291.62090956918297,8.192889052395225,0.43060869222405945
WIPF2,53.710452549895315,5.773744584235883,0.43093018959617596
RAB7A,498.6595918313075,8.964801739804125,0.4311353677725937
PRDM2,51.89372891453082,5.725024781305899,0.431187384499031
TACC1,76.07628184766845,6.268215072731282,0.4313274305804296
CARS2,76.38308450537944,6.273946330930373,0.43137742497382203
PPP1CA,180.76117120289607,7.505900225962166,0.43155945051493233
VAPA,194.71115879629636,7.612582205734956,0.43159581030485034
FOXP1,59.56073235510931,5.920310746688812,0.4317415601964247
MAPK1,212.11443911207607,7.735484532917318,0.4317435271520811
CD53,1104.4401512956908,10.110405204193258,0.4319773817193181
CYB5R1,46.28169123332412,5.563209735527423,0.4321457973164445
FASTK,48.49850452467197,5.629313033262818,0.43220629779204167
ADGRE5,907.220505935121,9.826898800283868,0.43234897352192325
MOGS,50.03360249551954,5.673375580995002,0.4324258286261344
KHSRP,66.06982445487272,6.06759192090879,0.4324493425882549
LYN,565.944419264994,9.147063496403998,0.43255771253196357
PHF3,57.3508340375166,5.866681372125721,0.432685980451849
CRYBG1,89.99696428038443,6.507746511729602,0.43270102410951267
LYST,170.37731507330685,7.421032344749145,0.4333735610943129
ARHGDIA,235.33665786232712,7.884699610937647,0.43338981229142953
RAD21,99.69230223302732,6.653809585584897,0.43353340698518084
FBRSL1,62.58282920545317,5.9905653074919964,0.43372984366588846
RAB43,52.42838934845349,5.73953462123721,0.4338044644715258
CYBA,976.5423985210655,9.933015466935945,0.43407728929683864
PRKCD,337.97602582020914,8.40503943171048,0.4342648020660188
CPT1A,58.967938029111515,5.906119462116302,0.43430507144730374
TMEM259,192.53478354154447,7.596449071560801,0.4343273598502971
LAMP2,298.69203832494395,8.227336947227506,0.4348039461755895
TADA2B,53.51586145802635,5.768604139777997,0.4348985383731777
ARIH1,48.0461672905907,5.616068496430738,0.43494872483308855
MDM4,83.0392902930068,6.392992073472775,0.43501505820679787
IQGAP1,501.4481164394042,8.97283081886208,0.4352963703109592
GSR,75.47835040781376,6.256979500474166,0.4353861816980879
AKAP13,176.5953568372465,7.472450053245149,0.43539807652260476
UPF1,175.32292120269508,7.462076220621131,0.4354800757654362
PREX1,762.0522992373451,9.575638131847091,0.4358135763777372
USP3,60.03965267270959,5.931674847872632,0.4358384919044347
SELENOF,107.9135230259696,6.767039284245238,0.43586512782686215
EIF3L,127.34483396612086,7.003881416646741,0.4359389542308736
NCKAP5L,50.40996160697589,5.68397602956953,0.43609177993226916
M6PR,59.86836942016131,5.927620813406294,0.4360996839698647
LPP,55.09227673566728,5.809730236805179,0.43640755736125564
MED15,155.50785622049514,7.290091267673029,0.43705211530909566
VAMP1,49.23691793257334,5.650676051557455,0.43706575923752833
HSPA4,48.40865397290903,5.626691848242909,0.4372178239300073
SREBF1,62.03064136031948,5.9779814376550915,0.4373330269704749
MLKL,88.17839526760908,6.478622334006636,0.4374748125119619
UBR5,55.782323722051196,5.8273699850501,0.43761730372564567
UBN1,142.18634558469495,7.161750111870719,0.4377251502215261
PHF21A,265.34123610871535,8.057131999937873,0.43781515160347895
RAB8B,123.18848602898252,6.95638761197318,0.4381393179798467
KARS1,81.36899869572542,6.364029545844887,0.43822969024098773
MYH9,1165.59259480428,10.188085106140486,0.43832010092389934
EIF4E3,119.98414956662812,6.9186742386009605,0.4385405896030157
BZW1,52.071421400736156,5.729863283552697,0.4392443367145058
NFE2L1,66.60784422013198,6.079118740225297,0.43933276594076437
ECH1,91.60072257845249,6.532951546000118,0.43938197899996156
GLG1,108.80780192910113,6.778836752355972,0.43947452725795066
MAVS,81.2368584331435,6.361713247436006,0.4397535714160598
CBX6,58.02909276301723,5.8833542636023,0.43975997632427244
SF3A1,165.8985195210998,7.382827347057377,0.4397987252720982
PPP1CC,63.643892511369295,6.01444216701438,0.44013437449293247
PTPN6,619.4583440419384,9.277190544592168,0.4402921310289988
GNG5,181.03291593399481,7.508055537786752,0.4402995184864498
PFKL,117.83048524818469,6.892761188155606,0.44062885571349
MINK1,103.63668788748097,6.709244970165911,0.4411079082723458
RNH1,133.8008944411799,7.074686259006466,0.44116855138759425
TOM1,224.82704643179954,7.819074472237787,0.4412739586004895
SYTL1,129.17270235337875,7.024283132069314,0.44131571940664377
MIDN,277.25899777384535,8.120284529035853,0.44138603084696654
TEP1,56.08017079759294,5.834917746597879,0.44144762062955895
KPNB1,204.30281810422318,7.681609620616678,0.4415987370748881
IFI30,1183.663040517462,10.210261049351853,0.4417843619778318
ARHGEF18,98.1799524915925,6.631976629170381,0.44205490993965674
PSME4,57.31003190830709,5.865672207117537,0.4420641035642117
SBNO2,539.2641286301258,9.077521085759257,0.44207484637069916
MMS19,50.62177216021426,5.689907764464675,0.4424382307140493
TAB2,75.9073957228936,6.265050435073189,0.4424488702534311
PNPLA6,194.05449765819395,7.607733454860405,0.4425149679190969
GRAMD1A,371.4596888969573,8.540940481724105,0.4425743541114607
MTMR10,45.86721854734906,5.55050727188868,0.44275888822109283
SLC9A1,60.75677296795139,5.948525463024955,0.44278984300768737
MAPKAPK3,123.9934734406032,6.965708956016516,0.44281128324039937
PTDSS1,71.18233579638265,6.173573924009647,0.44298823341452137
PDLIM7,262.6929037888592,8.042714937289777,0.44315936292297015
TIMP2,219.16966589117425,7.782471903531811,0.44334369266473017
ARHGAP26,267.21299559983225,8.067235330944081,0.44334799981942424
TMEM59,172.2330703156873,7.436570557634861,0.4433513689949448
VPS8,87.51644776995724,6.46787365077667,0.4434314923124091
RARA,221.51654567972744,7.797768804427259,0.4434325168012305
ZER1,96.11211492955793,6.601579380835966,0.4436603852988534
CCT7,85.060483202784,6.427279035479223,0.4438683247359053
EDC4,63.14829259628706,6.003338961205424,0.4439167699922128
CMIP,112.27622793465329,6.823701319784119,0.44402021635822236
PPP1R10,68.97412929913483,6.128749725079471,0.4440671546545212
CYRIB,288.3995490659975,8.17691886368045,0.4441231556201749
CYRIA,86.17364086743174,6.445820060868388,0.4441856001535257
FGR,1388.867199309665,10.440731325848093,0.4443077827869506
MTA2,91.41547233752367,6.530062504926227,0.4445415226534843
EIF3B,67.50927012963255,6.098227310189415,0.4448388328377199
BAZ2A,213.50227034431782,7.74484910741635,0.4449568050973105
DIAPH1,275.96188657606297,8.113543646804004,0.44505714835819515
ADAM15,63.391465093572386,6.008797570755424,0.4451377392734208
SNU13,53.680221892524116,5.772947192304536,0.4451920025928286
RHOG,1023.009328889958,10.000013143244114,0.4453901722750801
CCT5,66.5692941443503,6.078295879121167,0.4454111496011606
PHKA2,67.57667810931241,6.099646115939934,0.44541485761035
IMMT,46.663014032133276,5.574798279980858,0.44578139458788457
SCAP,83.24196888178341,6.396467249945093,0.4458029757411516
COPB2,55.31434496496701,5.815430562019204,0.44586664162533124
AK2,74.90837388916981,6.246187141292178,0.44615869055235624
ATP2B4,124.32001258861845,6.969473009517623,0.4463787498745465
PYGB,46.11231551402836,5.558032335373598,0.4464094533246978
MFNG,80.33425291653309,6.345791148365772,0.4464502517170779
ZNF787,65.34542893525958,6.051925165160956,0.44661334989432955
GBA1,87.32104569181872,6.464685348134223,0.44672906185181877
APEX1,50.56612860485439,5.688351832256325,0.44677715417069686
S100A10,186.11671829496498,7.547794654412798,0.4468305228502665
LPIN2,93.73705654904279,6.565856943415628,0.4469604299857092
HERC3,57.5714072054683,5.872124651174686,0.44696356556597117
ARHGAP9,683.8510362084243,9.419646407491047,0.4470312630014746
CHST15,326.0287611240504,8.353273711450294,0.4471499570763624
STX10,144.22976036494398,7.1821933093033135,0.44722541072526134
FURIN,382.0371253529515,8.581340419958556,0.4472989355466317
BTN2A1,68.7883637553701,6.124914601925578,0.447319772813193
FAM107B,131.23244595704026,7.046932405031798,0.4473849704112866
ITSN2,78.18999318209119,6.307246231016949,0.44745454552037894
PSEN1,125.63675432849115,6.984552374887128,0.4476935772141741
PRDX6,180.24495600267855,7.501797035654414,0.4477692169346347
LIMK2,441.16196656639073,8.788431124006449,0.4478100242045421
RACK1,874.6578523197535,9.774223462358519,0.44794084825430824
ERP29,103.22935108800297,6.703617788949654,0.44802111286375895
ARID5A,311.5058988682212,8.287739612149798,0.44817025622511425
YKT6,51.316087336123175,5.709182742148243,0.4486595343928726
RNF19B,68.60805069880831,6.121182269230853,0.4487434086273344
SERINC1,191.09012977204574,7.585639580226587,0.4489391909257938
STING1,90.42726374914317,6.514552538184717,0.4490338893457495
SRSF6,57.08213695890708,5.8600226288564015,0.4495476560546488
LENG8,399.91377036356795,8.64714816100261,0.4495515955917359
CHD4,127.33310582283026,7.003749577235922,0.4497407449585069
RER1,74.06670533782973,6.23010125968682,0.4499836984267447
MARCHF2,135.54404874636614,7.093222625582733,0.4500786746752455
RC3H1,61.43633091616755,5.964313854423242,0.4501348144937549
TUBB4B,107.23493762289118,6.75802245787932,0.4506891525793124
ELOVL5,111.13722909846247,6.809121516258414,0.4510499983745803
ZYX,1402.1284602661894,10.454431382361905,0.45105715067254376
APMAP,413.8808187372531,8.696553148135573,0.4515363899458448
ACLY,59.46214764070204,5.917960319892707,0.45155967744111253
CDK2AP2,56.81745787480467,5.853433272501387,0.451869324730536
SLC16A3,636.4882400972255,9.316254918240494,0.4518762524889778
SLC25A37,2292.1509582116587,11.163115615374396,0.4519064264543417
GSTO1,98.62876097275831,6.638490376568457,0.4519239295111839
SGSM3,59.67776088572824,5.923095943513541,0.45223606960077045
ASAP1,136.9813490509863,7.108329460762797,0.4526246306658558
POGZ,51.431705887294115,5.712367580186663,0.4527206666381196
BBLN,60.87388397782906,5.9512586932429805,0.45276181540400356
PSMD6,47.95029078945153,5.61324552507902,0.45279077576240584
ATP5PB,71.1806059599457,6.17353934967334,0.4527913888347683
MFN2,167.0766843674303,7.3929757972728645,0.45304845920229364
MEFV,229.96709431006735,7.851543516492971,0.4531430814329009
SYMPK,76.27324530332558,6.271897084075262,0.4532179881918003
HECA,102.08717832328166,6.687721095519364,0.4533561364343574
BAG6,320.2387027176579,8.327501908455405,0.45337408937912693
TRAPPC1,143.23801293618556,7.172307616818062,0.45361070034267065
EMC3,96.84580714192167,6.612438125145061,0.45379886419901505
MAPK1IP1L,52.56320218589082,5.7431703072226465,0.45380214218052073
ILRUN,101.62500593809733,6.681238495255157,0.4541032725827432
RBL2,97.12854681190959,6.616600990280661,0.4542334037391471
USB1,199.28269772058044,7.645893982912842,0.4543996510310694
GAB2,194.18952194884525,7.608731798832425,0.45454799725318135
SRGAP2,52.465346219584376,5.7405322006846555,0.45467793061898776
NPL,125.09815876978172,6.978403399992021,0.4547984061927259
WDFY4,53.91227548171758,5.779056790510661,0.4549874395226574
ALDOA,76.34098751155682,6.273161280163144,0.45501603119483347
RBM6,114.4260767500199,6.850825380378755,0.4550650034414332
RELT,126.78038226516473,6.99752255046307,0.4551931481412019
IP6K1,90.56821905852209,6.516775058248334,0.4552513278138059
ARID1A,80.92582678400471,6.356246422205775,0.45531751484344096
GNG2,108.93607827258896,6.780521110213535,0.45555896514189664
PRKD2,176.97705106629604,7.475547417217506,0.4556691373399287
MED25,133.39188220219054,7.070302186073347,0.4557822729425563
GNS,298.89409173545806,8.228309289480814,0.4560350459558213
