ensembl_id,symbol,cv,mean_log2cpm,std_log2cpm,mean_cpm,pct_zero_samples
ENSG00000078114,NEBL,1.8157472803818049,0.5346838619408206,0.9708507681830854,0.9810968209676438,70.703125
ENSG00000143839,REN,1.7558005574972586,0.5496457807142743,0.9650683682041388,1.003538665610809,69.140625
ENSG00000130147,SH3BP4,1.6365932324055663,0.5243617013817852,0.8581668118140982,0.8132655595026239,65.234375
ENSG00000140465,CYP1A1,1.6063169171230882,0.5365199065715494,0.8618210022991785,0.8275399957126455,66.40625
ENSG00000228695,LOC107987423,1.5914597745796988,0.5007472796725121,0.7969191528290135,0.738030049912119,62.890625
ENSG00000159167,STC1,1.5904143637126402,0.5804734352837166,0.9231932892288426,0.9835995262038394,62.5
ENSG00000102854,MSLN,1.5762840148113486,0.5859586915006356,0.9236373187522264,1.0029495420744858,62.109375
ENSG00000181126,HLA-V,1.5589697059867258,0.9635284754690304,1.5021117041117924,3.676167092972008,43.359375
ENSG00000281990,IGHV1-69-2,1.556796095011622,0.5855107497526683,0.911520848802281,1.039184581283524,57.421875
ENSG00000186340,THBS2,1.5536780876526055,0.539921004374154,0.8388634335595098,0.8377554154358273,58.59375
ENSG00000049247,UTS2,1.5499292731372143,0.751180367665315,1.1642764412504472,1.8974392841598635,48.828125
ENSG00000091129,NRCAM,1.5448434254781465,0.5733802492807478,0.885782708400384,0.920776846913724,59.765625
ENSG00000178752,ERFE,1.5367208927160645,0.577198246189137,0.8869926041579173,0.919998729123251,62.109375
ENSG00000003096,KLHL13,1.4929988299231762,0.5251607534658114,0.7840643904460299,0.7214132630193646,61.71875
ENSG00000167419,LPO,1.491617552340651,0.5048763174768688,0.7530823769096084,0.6809392697201242,58.59375
ENSG00000223553,SMPD4P1,1.489851052873555,0.525547074654088,0.7829868625080098,0.7383934170816356,58.984375
ENSG00000261770,,1.487677779648176,0.5372662078075731,0.7992789991111657,0.7624171610272962,58.59375
ENSG00000244649,LINC02086,1.4772628906925769,0.5382038859164426,0.7950686282909017,0.7613147719132091,58.59375
ENSG00000176728,TTTY14,1.4724034007680418,0.549807248624139,0.8095380626411025,0.7707218723558853,61.71875
ENSG00000158966,CACHD1,1.471393075125354,0.568334616649313,0.8362436192918218,0.8317703889322878,57.8125
ENSG00000065361,ERBB3,1.469239429222912,0.6256867331757174,0.9192836187234396,0.9793912914712112,58.984375
ENSG00000164142,FHIP1A,1.4654715433872312,0.6088430177098787,0.8922421168438353,0.966928559714892,57.03125
ENSG00000134765,DSC1,1.4611181187101765,0.5732885508020216,0.8376422888259331,0.8338477013237181,60.9375
ENSG00000172940,SLC22A13,1.4603064564742625,0.5206482071981473,0.7603059385232039,0.6942111293381632,60.15625
ENSG00000010327,STAB1,1.4587470659513888,0.7298751208949523,1.0647031911164269,1.4037684224398816,56.25
ENSG00000138669,PRKG2,1.4587258361712785,0.5435132326402747,0.7928367947533393,0.7555583249646334,58.59375
ENSG00000050767,COL23A1,1.442674019560201,0.5026488730807219,0.7251584701547704,0.6526330433439678,59.375
ENSG00000198722,UNC13B,1.4426653361580808,0.6030772620630072,0.8700386610034232,0.8974880943866121,59.765625
ENSG00000164542,MATCAP2,1.4411579715244596,0.5151065209829955,0.7423498688988752,0.6794684109390361,58.984375
ENSG00000084710,EFR3B,1.4330392524971345,0.5426613483169063,0.7776550129511464,0.7477176275822747,55.46875
ENSG00000226278,PSPHP1,1.4299709613340652,0.9278386783869216,1.3267823668958747,2.107668132044941,64.453125
ENSG00000153721,CNKSR3,1.424703098584602,0.6387424869752553,0.9100184003912808,1.0005684696453283,57.8125
ENSG00000144792,ZNF660,1.4243603247623204,0.5274738626148139,0.7513128422576719,0.71321786782136,55.46875
ENSG00000177103,DSCAML1,1.4161889582226193,0.5127608924345247,0.7261663140741501,0.6611043844216609,57.421875
ENSG00000145358,DDIT4L,1.4153814626913483,0.5318708904929283,0.7528001989488309,0.7091872546200824,58.203125
ENSG00000182912,,1.4056603227909286,0.5103097112526578,0.7173221134427565,0.6508423205460226,58.203125
ENSG00000170209,ANKK1,1.4039400104866575,0.5023615806290039,0.7052855227763776,0.6268027876363879,60.15625
ENSG00000153885,KCTD15,1.4015006098652991,0.5134975604091552,0.7196671440777742,0.6600686984287184,57.03125
ENSG00000229191,,1.395384662913492,0.5087152972654885,0.7098535235937405,0.644609122707062,56.25
ENSG00000148225,WDR31,1.3943678455826505,0.5186812162466026,0.7232324100419639,0.66755668594025,55.859375
ENSG00000182636,NDN,1.39234654693248,0.5014189867215031,0.6981489947280679,0.6257837983036936,58.203125
ENSG00000182795,C1orf116,1.3916648728704617,0.5940420292597679,0.8267074251295059,0.8416623588746381,58.203125
ENSG00000280381,,1.388315337145622,0.5103518117688317,0.7085292476187246,0.6499958366938214,54.6875
ENSG00000058335,RASGRF1,1.3840101043042128,0.5553395976713157,0.7685956144973372,0.8133796407861007,50.78125
ENSG00000164125,GASK1B,1.383996630980148,0.6037313489708191,0.8355621529927139,0.8732232257576586,56.25
ENSG00000074590,NUAK1,1.3825240164545216,0.5435171716030658,0.751425543096672,0.7301289274808587,53.125
ENSG00000016391,CHDH,1.3818136450783052,0.6161426182210373,0.8513942771721021,0.906320196654099,57.03125
ENSG00000145623,OSMR,1.3817265864284942,0.5497149164501357,0.7595557150154709,0.7387931546241745,54.296875
ENSG00000159307,SCUBE1,1.3814565965818597,0.5066488191867982,0.6999133534160122,0.6429369717401151,53.90625
ENSG00000278983,,1.3806646861518874,0.515312403266967,0.7114736375267618,0.6575922175205264,54.6875
ENSG00000100678,SLC8A3,1.380370743072218,0.6472042625837564,0.8933818288622466,0.971488472534748,58.203125
ENSG00000226816,,1.3797963211690725,0.572714080959923,0.7902287819902282,0.7881072727199626,57.421875
ENSG00000187566,NHLRC1,1.379450756124693,0.5397674852144364,0.7445826656105783,0.7098730114750178,56.640625
ENSG00000090659,CD209,1.3781806091894764,0.5588593600830675,0.7702091333305229,0.7463203158766198,57.421875
ENSG00000262539,,1.3771188634447076,0.7211693488602999,0.993135914053656,1.1666759228437933,60.9375
ENSG00000236345,SCAT8,1.3745083143976689,0.5204643395487004,0.7153825620571802,0.6617909759499615,57.8125
ENSG00000169418,NPR1,1.3728770364394804,0.6948680623658761,0.953968406177308,1.107733942954809,57.421875
ENSG00000270878,GCATP1,1.3682131237651682,0.5141797645967747,0.703507501895792,0.6434663380835883,56.640625
ENSG00000272374,SCUBE3-AS1,1.3681363477100137,0.5345794971278921,0.7313776407612099,0.6844540679246546,58.203125
ENSG00000272787,,1.367943507718516,0.5376019813550474,0.7354091401312478,0.6967201087374417,55.46875
ENSG00000205740,,1.367072229260338,0.5581789332785676,0.7630709186432889,0.740548125348022,58.203125
ENSG00000146250,PRSS35,1.3659713057235303,0.6540978049787244,0.8934788327376832,0.9714039371712848,57.8125
ENSG00000158813,EDA,1.365516284144954,0.5662929623992871,0.7732822617529126,0.7672899693797235,52.734375
ENSG00000164237,CMBL,1.3645439699387898,0.529329312443054,0.722293121406015,0.6873350041700573,53.125
ENSG00000197083,ZNF300P1,1.3643718964473397,0.5215442179518363,0.7115802737280914,0.6697078689701595,52.734375
ENSG00000159625,DRC7,1.3643433890450525,0.5803703756578418,0.7918244852263701,0.8028942684115745,53.515625
ENSG00000122966,CIT,1.3638257956351283,0.5050199075101278,0.688759177171579,0.6379602351502345,53.125
ENSG00000061337,LZTS1,1.3630428103281984,0.5308824561124882,0.7236155149335024,0.6791409751740516,54.6875
ENSG00000121101,TEX14,1.360509437144393,0.5085769210532722,0.6919237006068159,0.6310540773331792,54.6875
ENSG00000162383,SLC1A7,1.3604562241188107,0.6113428923573401,0.8317052429783394,0.9027167874074654,53.515625
ENSG00000011426,ANLN,1.3599674484475082,0.5197617341539925,0.7068590393980573,0.6563119408023635,53.515625
ENSG00000143476,DTL,1.3578433430588712,0.5949352543770631,0.8078288747069313,0.823426004767622,55.46875
ENSG00000280007,,1.3571892696424994,0.5029196480946744,0.682557149886474,0.6269109356900351,51.5625
ENSG00000156970,BUB1B,1.3551212604443836,0.5970878173649831,0.8091263956636218,0.8373992170287072,52.34375
ENSG00000011201,ANOS1,1.354589688031069,0.6243299030451617,0.8457108485944131,0.9049973298178352,53.125
ENSG00000135116,HRK,1.3540071096328967,0.5015216795830069,0.6790639197904229,0.621428553638758,52.34375
ENSG00000120279,MYCT1,1.3522670303983946,0.520016048496118,0.7032005576593531,0.6573827410228643,53.515625
ENSG00000089723,OTUB2,1.3486409755887967,0.5434738476499629,0.732951100101643,0.6950514409470816,56.25
ENSG00000162692,VCAM1,1.3473653026494083,0.6626536493993156,0.8928365348746438,0.9787136871779758,57.8125
ENSG00000135373,EHF,1.347283762977016,0.5888413391634634,0.7933363752245762,0.8022823065091058,54.296875
ENSG00000164647,STEAP1,1.3454332905939437,0.5995814505104247,0.8066968439393303,0.8432244848445483,53.90625
ENSG00000224289,IFIT6P,1.343496274096102,0.5058891462167667,0.6796601830478843,0.6175230645182725,55.078125
ENSG00000164692,COL1A2,1.3434897236112298,0.8323098906930996,1.1181997850061651,1.547520579315875,58.203125
ENSG00000248697,TOX4P1,1.3432967056546627,0.5048631518554446,0.6781810086938485,0.6164894349850609,52.734375
ENSG00000160145,KALRN,1.341931333658716,0.5024289607903649,0.6742251654221771,0.6093818175659853,55.859375
ENSG00000271862,,1.341815697950974,0.5003048932350728,0.6713169595045068,0.6073622917465766,55.078125
ENSG00000154447,SH3RF1,1.3410173932524168,0.6636392885446851,0.8899518287840821,0.9773385216198232,57.03125
ENSG00000178631,ACTG1P1,1.3380616093869844,0.5163953213706935,0.6909687547931792,0.6339014029062522,55.46875
ENSG00000156510,HKDC1,1.3377678167298162,0.6653188408671868,0.8900421331761086,0.9820422675861136,56.640625
ENSG00000196421,C20orf204,1.3372631087353706,0.5409738005093803,0.723424306213562,0.6969934452035105,51.171875
ENSG00000076864,RAP1GAP,1.337058934198157,0.5937467858724162,0.7938744447021542,0.8488226432464139,49.21875
ENSG00000187122,SLIT1,1.3351880797085165,0.6007055631586212,0.8020549073439823,0.8265902681346863,54.6875
ENSG00000250486,FAM218A,1.3347173451130827,0.519249024830308,0.6930506798740659,0.6406540674986694,55.46875
ENSG00000105641,SLC5A5,1.3337064183174554,0.6076723705398958,0.810456540823242,0.8471050002988252,52.34375
ENSG00000274286,ADRA2B,1.3332806855749355,0.6080606932736854,0.81071557799911,0.8435662803654571,55.078125
ENSG00000157343,ARMC12,1.3320140297393366,0.516847951679001,0.688448722878468,0.6398233557457549,54.296875
ENSG00000103034,NDRG4,1.331769754981327,0.599860298829918,0.7988758031957455,0.82147616697597,52.734375
ENSG00000161911,TREML1,1.3287707339573374,0.5468696292294297,0.7266643586101663,0.7068954438681044,53.125
ENSG00000232871,SEC1P,1.3281253423511197,0.5095763972618333,0.6767813270674226,0.631873994920122,50.390625
ENSG00000171999,OR52P2P,1.3277985364094762,0.5511732349518259,0.7318470146771108,0.7035298355651648,56.25
ENSG00000171241,SHCBP1,1.3271704788604632,0.649838773820895,0.8624468366339736,0.9462503035822322,54.6875
ENSG00000156113,KCNMA1,1.3240187492795985,0.5505043224401238,0.7288780444701854,0.7201957439632884,50.0
ENSG00000122824,NUDT10,1.3238920785511157,0.6287316173876537,0.8323728077941455,0.8882017668165594,53.90625
ENSG00000109684,CLNK,1.3209801453353325,0.573925489025038,0.7581441759039464,0.8174286346572919,48.828125
ENSG00000166819,PLIN1,1.3184872796284337,0.5229615930771603,0.689518208206457,0.6424265362493342,52.734375
ENSG00000279400,,1.317122241374303,0.5209804801165354,0.6861949776833515,0.6404686309850248,53.515625
ENSG00000186638,KIF24,1.3167849903464628,0.6036027608775457,0.7948150556552374,0.8181968463580476,51.5625
ENSG00000267194,,1.3163344351142168,0.5535332167339129,0.7286348341663905,0.7075661439074693,53.125
ENSG00000244161,FLNB-AS1,1.3149859462708366,0.6266600448519812,0.8240491520698074,0.8699558751272543,53.90625
ENSG00000177335,LY6S-AS1,1.3149488518562458,0.5068579250344818,0.666492246578331,0.6116247921473141,53.125
ENSG00000213071,LPAL2,1.3137082384105412,0.541640553041876,0.7115576567883541,0.6818427033987986,52.734375
ENSG00000165730,STOX1,1.3123752051226285,0.7404310110805437,0.9717233000459836,1.2103641690354203,51.953125
ENSG00000188158,NHS,1.30979127398486,0.554526533813493,0.7263140151819837,0.7208269538395714,49.609375
ENSG00000235888,LINC02940,1.3064069006732903,0.5041124621052354,0.6585759992096821,0.601541822225771,53.125
ENSG00000277566,,1.3041564672035055,0.5061954699637593,0.6601580958223545,0.6065266499650849,53.125
ENSG00000206052,DOK6,1.3028175970277238,0.5139546493997292,0.6695891613121815,0.62331763904347,51.5625
ENSG00000103154,NECAB2,1.3022411691572646,0.6301542665280224,0.8206128287928904,0.8856068213649836,51.5625
ENSG00000038945,MSR1,1.3019154154504131,0.5768667069495493,0.7510316584377343,0.754854830862128,51.953125
ENSG00000073670,ADAM11,1.3000812768258168,0.5281386649164086,0.6866231898256067,0.6404824311364878,54.6875
ENSG00000214788,,1.2992387065682351,0.5014784924404025,0.6515402678900571,0.6003106010494363,51.171875
ENSG00000126895,AVPR2,1.298219195816194,0.5877379871896631,0.763012737079993,0.7687967095986793,54.296875
ENSG00000213853,EMP2,1.298168044917418,0.5004335834489759,0.6496468866369747,0.6023327774406715,48.046875
ENSG00000134769,DTNA,1.298117392191331,0.6316455047632076,0.8199500154325919,0.8755118595792375,51.953125
ENSG00000168658,VWA3B,1.296981369785532,0.5774125295207568,0.7488932934691601,0.7475592222461929,53.125
ENSG00000177301,KCNA2,1.2946706685076093,0.5343681357338865,0.6918307515197557,0.6692729245649107,48.4375
ENSG00000259315,ACTG1P17,1.292798378914495,0.5610458132261508,0.7253191178355323,0.706489928964108,52.734375
ENSG00000196632,WNK3,1.2925736928517828,0.560449940803916,0.7244228496434807,0.7187919137109433,48.828125
ENSG00000155254,MARVELD1,1.2919730336230644,0.5150366064166337,0.6654134068190265,0.6162530736425461,53.125
ENSG00000231345,BEND3P1,1.2900321073116934,0.6191236334130563,0.7986893654983174,0.8445754059132489,50.390625
ENSG00000124006,OBSL1,1.289758090346976,0.5079670481423652,0.6551546099712874,0.6054973741313106,52.34375
ENSG00000277767,,1.289753328367773,0.5425390863639603,0.6997415924075284,0.6711850935514243,51.5625
ENSG00000147642,SYBU,1.2881608810997711,0.6002176881929192,0.7731769460742587,0.7868184966460933,54.6875
ENSG00000060140,STYK1,1.2880345208005983,0.6700284536149383,0.8630197781746832,0.9545582511128324,53.125
ENSG00000006747,SCIN,1.287537609932203,0.6302280468145605,0.8114423131078595,0.8702437794884383,52.34375
ENSG00000259671,MTCYBP23,1.2873553075927813,0.5324284744320738,0.6854246224736575,0.6568453420883036,50.390625
ENSG00000225442,MPRIP-AS1,1.2870575316933004,0.5222792406086817,0.6722034302724612,0.6304153313607342,52.734375
ENSG00000215580,BCORP1,1.28538428448013,1.018234845326873,1.3088230680932185,2.222358942518023,57.421875
ENSG00000139354,GAS2L3,1.284032530871292,0.5187868643676719,0.6661392104368034,0.6201534332115874,51.5625
ENSG00000136237,RAPGEF5,1.2829828447972464,0.5442106423776727,0.6982129181266434,0.6875314916058126,48.046875
ENSG00000120658,ENOX1,1.2826188623633392,0.6511185676290417,0.8351369564760085,0.9044780390664172,54.6875
ENSG00000160221,GATD3,1.2808164068028314,0.8270619380490246,1.0593144996953376,1.403672860045568,52.734375
ENSG00000135454,B4GALNT1,1.2805511321193055,0.5372105212068351,0.687925541117815,0.6525605432867685,53.90625
ENSG00000229689,ANKRD33BP1,1.2804935402629103,0.7109076402841688,0.9103126411074268,1.0562971242851689,53.515625
ENSG00000234773,,1.279745760236603,0.5174102575896924,0.6621535834533374,0.6274204795630844,50.0
ENSG00000179869,ABCA13,1.2797080574561592,0.6745000342174963,0.8631631285425851,0.9766872888760768,51.171875
ENSG00000260966,,1.279077589830981,0.534688897712938,0.6839085865960487,0.6524182085125514,52.34375
ENSG00000154678,PDE1C,1.2786636927435735,0.6990639446941256,0.8938676849864798,1.0378464751213647,51.171875
ENSG00000182326,C1S,1.278392823862492,0.746951483510854,0.9548974162937184,1.166964019394699,52.34375
ENSG00000131015,ULBP2,1.2781940986799525,0.536438619205536,0.6856726773725382,0.6522696735507352,53.90625
ENSG00000282122,IGHV7-4-1,1.2777694357194085,1.039636124384654,1.328415264008492,2.5529511012818524,43.359375
ENSG00000115423,DNAH6,1.2738163666529876,0.5746126468304797,0.7319509940184581,0.7343835465233957,49.21875
ENSG00000053747,LAMA3,1.272612714117133,0.7850006586481673,0.9990018187859812,1.3001992819606054,51.171875
ENSG00000146555,SDK1,1.272250966923082,0.526565354771777,0.6699232817565891,0.6342470053429774,50.78125
ENSG00000232229,LINC00865,1.2719284011735963,0.5330946818948674,0.6780582664166857,0.6485623778322458,51.171875
ENSG00000113389,NPR3,1.2715492041086296,0.5670694179995193,0.7210566671316325,0.7230349302402701,49.21875
ENSG00000157554,ERG,1.270559420921305,0.5051058572521163,0.6417670054942082,0.5893993498761461,53.125
ENSG00000175894,TSPEAR,1.2702843316474075,0.5548989657594293,0.7048794618515544,0.690411529268848,51.953125
ENSG00000166025,AMOTL1,1.270249222754135,0.5924632561588317,0.75257599064614,0.7644810813049558,52.34375
ENSG00000134184,GSTM1,1.2677959527881204,0.977604706623715,1.2394032904841636,1.944551452963682,58.59375
ENSG00000174059,CD34,1.2664244797627733,0.6102660784175242,0.7728559008767809,0.7996353923705752,53.125
ENSG00000226498,RPSAP21,1.265229614202254,0.5601473098706131,0.7087149647640263,0.7037057000734972,50.390625
ENSG00000198794,SCAMP5,1.2621626722357635,0.5395618409360357,0.6810148149922748,0.6573359589531531,50.0
ENSG00000157999,ANKRD61,1.261916241654963,0.510471494988981,0.6441722704284852,0.5972999146655528,51.953125
ENSG00000165511,ZNF22-AS1,1.2614843477592022,0.5802919541271345,0.7320292172619811,0.7399502989601241,51.171875
ENSG00000132470,ITGB4,1.259242664503113,0.5142619710498875,0.6475806146774831,0.6030141632295536,51.953125
ENSG00000165409,TSHR,1.2583000515628993,0.5562844520442525,0.699972754690922,0.6884438636741472,50.390625
ENSG00000198785,GRIN3A,1.2581135826562244,0.625213387399937,0.7865894547463688,0.8361912369225254,48.4375
ENSG00000096006,CRISP3,1.258050013437103,0.8097407275127907,1.018694333128036,1.3717952523406505,50.78125
ENSG00000124215,CDH26,1.2580397394947986,0.5470645162199739,0.6882289014722239,0.6742589320928285,48.4375
ENSG00000050628,PTGER3,1.2575470009874403,0.5799539122107544,0.7293193030115674,0.7320479465337303,52.34375
ENSG00000240875,,1.257295525363288,0.6070274549935182,0.7632129029360152,0.8021464198883075,48.046875
ENSG00000151640,DPYSL4,1.2571590174872675,0.6386388246033129,0.8028705572675242,0.8744520054593228,48.828125
ENSG00000267838,,1.25638092575928,0.5149853558615645,0.6470177781498246,0.61070443566387,47.265625
ENSG00000265261,,1.2563540755903226,0.6085490628396432,0.7645530952952571,0.8002394803342663,48.4375
ENSG00000127366,TAS2R5,1.255742830526016,0.5374962921651458,0.6749571153206988,0.6492129831634224,50.390625
ENSG00000197301,HMGA2-AS1,1.2540819570208677,0.5675741505643608,0.7117845014942101,0.7209923729390126,48.828125
ENSG00000100505,TRIM9,1.252142563744843,0.6312808540383441,0.790453627018606,0.8450201733614535,51.953125
ENSG00000218357,LINC01644,1.2512238382876923,0.5166547109202704,0.6464506904670788,0.6058557333114827,50.0
ENSG00000169330,MINAR1,1.2501637843507785,0.6364685009901316,0.7956898698178901,0.8636603182547571,47.65625
ENSG00000228000,RPL7AP65,1.2489065459207918,0.519346749624366,0.6486155552085572,0.612184597382728,50.78125
ENSG00000096696,DSP,1.2483240353779994,0.8127755386512314,1.0146072402656323,1.3626990428586545,51.5625
ENSG00000138135,CH25H,1.2477753244782483,0.6278228317106852,0.783381837552653,0.8372431967359701,50.78125
ENSG00000149328,GLB1L2,1.2466286264154716,0.7611668937618352,0.9488924392432476,1.2145278533097104,48.828125
ENSG00000250539,KRT8P33,1.2461404792522586,0.5379781490003459,0.670396348422534,0.6492638178664225,50.0
ENSG00000112874,NUDT12,1.2454674332392748,0.5503007725623497,0.6853816907128195,0.6642163347648846,51.5625
ENSG00000152315,KCNK13,1.2453868839406754,0.6574716344154399,0.8188065500640276,0.9002630074129274,52.734375
ENSG00000057294,PKP2,1.2451753742294018,0.5904670635359898,0.735235046808562,0.7556146811316438,50.0
ENSG00000275437,,1.244831866244253,0.5318996044780306,0.662125577296967,0.6348553830573931,50.78125
ENSG00000188818,ZDHHC11,1.2432769366314174,0.5581360368869708,0.6939176621644327,0.6939045738002383,45.3125
ENSG00000235145,RPSAP16,1.2428562586179512,0.5042962228063645,0.6267677167122829,0.5802072375118957,50.78125
ENSG00000158528,PPP1R9A,1.2424566237069394,0.6736626925705501,0.8369966745285317,0.9800606056280956,47.65625
ENSG00000204644,ZFP57,1.2421363578033715,0.9552288297434968,1.1865244594463638,1.85182688439214,53.515625
ENSG00000101327,PDYN,1.2416335980575448,0.6532317719012998,0.8110745153113162,0.9012015600186692,49.609375
ENSG00000170396,ZNF804A,1.2412656677664424,0.5862098898587016,0.7276422103867539,0.7358920570538335,51.171875
ENSG00000267724,,1.2393037159365567,0.5911075150086609,0.7325617398682575,0.74508134914346,50.0
ENSG00000119457,SLC46A2,1.23753629486113,0.7380578735524616,0.9133734062291976,1.1070232520316208,49.609375
ENSG00000257279,LOC100506551,1.237445681497707,0.5500044528851482,0.6806006350272358,0.6671993549847838,48.828125
ENSG00000103599,IQCH,1.2368862917715742,0.5054362773728045,0.625167202846477,0.5806916606546726,49.609375
ENSG00000253394,LINC00534,1.2364919184476786,0.5196097377340503,0.642493241454871,0.622323160059385,46.484375
ENSG00000214797,,1.2363996803100026,0.574713349220287,0.7105754012458537,0.7153100835987207,48.4375
ENSG00000231535,LINC00278,1.2360298744250338,0.9024756988656384,1.1154869247405397,1.5784268368143652,57.421875
ENSG00000136002,ARHGEF4,1.2359309363127755,0.6083874072734181,0.7519248179123376,0.7857883025004428,50.0
ENSG00000279699,,1.2344801294704604,0.5262111616376053,0.6495972229471924,0.6212961576736704,47.65625
ENSG00000132681,ATP1A4,1.2334269237879785,0.6211717172290405,0.7661699203259115,0.8118614647342314,49.21875
ENSG00000168939,SPRY3,1.2320678847646906,0.8314766044246479,1.0244356212448034,1.3790050609482445,51.5625
ENSG00000158525,CPA5,1.2314807785677506,0.824581510139057,1.0154562800986175,1.4192007992266504,43.75
ENSG00000235621,LINC00494,1.230410460466331,0.6634118084639309,0.8162688287309067,0.9030733024141536,50.390625
ENSG00000255200,PGAM1P8,1.229608190054204,0.5133689619612114,0.6312426801471306,0.5985429465352214,47.265625
ENSG00000279275,,1.2279040181785528,0.5620073847617526,0.690091125994976,0.6849083979165957,49.609375
ENSG00000276241,LOC128966710,1.2271371743454402,0.5805902227042175,0.7124638453418433,0.744258687074064,41.796875
ENSG00000160323,ADAMTS13,1.2266043155299444,0.6243149028431563,0.7657873540770734,0.8229813803476875,46.484375
ENSG00000151376,ME3,1.226477744790566,0.7211371832881118,0.8844587062438244,1.0480159287923412,49.609375
ENSG00000279819,,1.2263745761369764,0.5388645018676216,0.6608497250731674,0.6376316759316281,49.609375
ENSG00000041982,TNC,1.226211864096902,0.5472474894175265,0.6710413641210149,0.6574228823119632,47.265625
ENSG00000164741,DLC1,1.2243705761003565,0.7129102487883232,0.8728663320168077,1.03409732178116,50.390625
ENSG00000124019,FAM124B,1.2242849349539795,0.6524244993531629,0.7987534857529699,0.8688301645937223,51.5625
ENSG00000278962,,1.2234759161209772,0.5552122032141888,0.6792887589690259,0.6736932322750653,47.65625
ENSG00000164684,ZNF704,1.2229325126147743,0.5336502329005692,0.6526182201785526,0.6294473708220112,47.265625
ENSG00000136449,MYCBPAP,1.222242707236069,0.6906329410509953,0.844121075576577,0.9739068180786324,49.609375
ENSG00000121570,DPPA4,1.2212887605408096,0.5848284764861188,0.714244445176702,0.7262219318491419,49.21875
ENSG00000237596,PDE7B-AS1,1.2209902890061657,0.5093999098639215,0.6219723431644643,0.5876724523920916,46.875
ENSG00000121743,GJA3,1.2208079383498918,0.5384899937918615,0.6573928591430884,0.637867876424231,48.046875
ENSG00000258891,,1.220500548679604,0.5133147122438249,0.6265008879389014,0.5982491054242282,46.484375
ENSG00000218976,IMPDH1P9,1.2196309983965985,0.6103343428541523,0.7443826839309415,0.7777302776201618,50.0
ENSG00000259845,HERC2P10,1.2195270643005842,0.516504267269273,0.6298909327616209,0.5956139944226311,48.046875
ENSG00000170899,GSTA4,1.2190379609996995,0.5802784737170716,0.7073814874120768,0.7141986699954663,50.78125
ENSG00000278997,,1.217337483834224,0.5278818220461448,0.6426103290114794,0.6204214425792685,45.703125
ENSG00000189057,FAM111B,1.2165242885546144,0.6721299456502356,0.8176624039484045,0.919175983253769,50.0
ENSG00000166578,DRC10,1.216328483434976,0.5091053715297533,0.619239364461385,0.5831684754588917,46.875
ENSG00000186871,ERCC6L,1.21617423308403,0.6360578166582704,0.7735571273714745,0.8305280957969889,50.390625
ENSG00000171658,NMRAL2P,1.2161189936100056,0.6114306576150333,0.7435724360010983,0.7813930460255452,49.609375
ENSG00000267270,PARD6G-AS1,1.2147589603173286,0.5404663857175338,0.6565363848006956,0.6545736906803472,47.265625
ENSG00000211654,IGLV5-37,1.2146302875730874,0.5544667198285577,0.6734720713550675,0.6778380193872253,44.53125
ENSG00000196188,CTSE,1.214513441522576,0.8380860886629456,1.0178668198342289,1.3984472251561466,49.609375
ENSG00000235151,,1.2145100202134216,0.5074492984795651,0.6163022577537032,0.5783899574162131,48.046875
ENSG00000273891,,1.2134509259155632,0.5527123773116592,0.670689346013825,0.655524341027774,50.78125
ENSG00000171954,CYP4F22,1.2128515032846632,0.5111437426023357,0.6199414566097918,0.5848198002020351,48.046875
ENSG00000196946,ZNF705A,1.2127715794297451,0.5703560624566495,0.6917116227028811,0.6985938417647678,46.484375
ENSG00000124721,DNAH8,1.21246882155809,0.6255513727364745,0.7584615357258387,0.805458182315798,49.21875
ENSG00000148600,CDHR1,1.2124271389170218,0.66098945486067,0.801401553611044,0.8996131356092465,48.828125
ENSG00000132874,SLC14A2,1.2118661279809293,0.5205490460210798,0.6308357568257325,0.6006363358563412,48.4375
ENSG00000226124,FTCDNL1,1.211862340546304,0.5317959186957056,0.6444634467235498,0.6225584688294898,47.65625
ENSG00000166033,HTRA1,1.2114872474034797,0.97343453477601,1.1793035250632753,2.061582583339856,46.484375
ENSG00000256720,BTG1P1,1.210557758104186,0.5107740936524092,0.618321541709558,0.5831998977896443,46.875
ENSG00000261188,TFIP11-DT,1.2104522760370329,0.7263820938333998,0.8792508587531843,1.0362647855635387,51.5625
ENSG00000267072,,1.2099834981442457,0.5064909790115589,0.6128457265629098,0.575774760404456,48.4375
ENSG00000256590,TRDV3,1.2097516155439307,0.5844089833104009,0.7069897116981435,0.7536182629818065,41.796875
ENSG00000095637,SORBS1,1.209747807508305,0.7432246624193666,0.8991144058479288,1.1071213467386125,46.09375
ENSG00000240954,RPL4P1,1.2094095656380095,0.5702667608438159,0.689686075529914,0.6895743691862328,50.78125
ENSG00000267083,KRT18P61,1.208729011227209,0.5449192007586324,0.6586596467317029,0.6407162203194547,49.21875
ENSG00000164283,ESM1,1.2085406717972362,0.5268700691445951,0.6367439073138653,0.6101176972540197,49.609375
ENSG00000260316,LOC124903619,1.207421071753324,0.5070372953598085,0.6122075145822466,0.5782649824916863,46.484375
ENSG00000164904,ALDH7A1,1.207279604579727,0.6612631524616436,0.7983295172270367,0.9034190132965004,46.484375
ENSG00000264663,KRT8P34,1.207231557583033,0.5764444858824325,0.6959019745519996,0.7020540128452906,49.21875
ENSG00000272595,OR10AH1P,1.2066767014115716,0.7164176572761839,0.8644844955150314,1.0185518355613226,48.4375
ENSG00000143603,KCNN3,1.2057491746317013,0.7456563224743377,0.8990744953823424,1.1239743589100135,45.703125
ENSG00000279977,,1.205601745418352,0.597281170572557,0.7200832217477913,0.7500957536107838,48.4375
ENSG00000167723,TRPV3,1.2044198095629837,0.617235578778542,0.7434107582479494,0.7884483044762913,48.4375
ENSG00000111254,AKAP3,1.2031712352714927,0.7834088117981102,0.9425749478137044,1.1974336592350263,48.4375
ENSG00000267470,ZNF571-AS1,1.20246526431153,0.535934043936221,0.6444420717953152,0.626645524106306,47.65625
ENSG00000196557,CACNA1H,1.2022534580895654,0.6301064702768757,0.7575476828549839,0.8159369702617949,48.4375
ENSG00000103044,HAS3,1.202070214913692,0.6100903367808159,0.7333714222508823,0.7710381970309592,46.875
ENSG00000188060,RAB42,1.201431975107942,0.5759270625531396,0.6919371882813338,0.6996818666828611,47.65625
ENSG00000198939,ZFP2,1.201130725895865,0.6767243272148072,0.8128343823789123,0.9204306494099802,47.65625
ENSG00000035499,DEPDC1B,1.201129400570561,0.5462005843838149,0.6560575805122217,0.6414044418173601,49.609375
ENSG00000185065,UFD1-AS1,1.200670188324099,0.5679777352778658,0.6819539343799705,0.6898041316892253,46.484375
ENSG00000262155,LINC02175,1.1986798697154164,0.6052979994009111,0.7255585270608863,0.7543343764718673,49.21875
ENSG00000260495,,1.198366114406327,0.5268462294599944,0.6313546688875976,0.6083572508638084,46.484375
ENSG00000169855,ROBO1,1.1980076307757512,0.7186469954118128,0.8609445843374179,1.0227283104311635,48.4375
ENSG00000254826,,1.1976213789807335,0.567177286919996,0.679263644487677,0.6805025725458731,48.4375
ENSG00000145103,ILDR1,1.1952323218805383,0.7056219603079497,0.8433821739887678,0.9800191909646144,50.0
ENSG00000164976,MYORG,1.1949529346874008,0.7754589211371961,0.9266369135424182,1.162784423482282,49.609375
ENSG00000198452,OR14L1,1.1947905090077469,0.6245987572662539,0.7462646671197537,0.7984524641596662,48.046875
ENSG00000261654,,1.1941131103574276,0.5262211479048916,0.6283675716605661,0.6059058834915927,46.484375
ENSG00000225125,RANP4,1.194076450599109,0.5402504755900508,0.6451003703270485,0.6309759061831949,47.65625
ENSG00000276337,,1.1940641361852118,0.5500587483936283,0.6568054242517566,0.6482480770225383,47.265625
ENSG00000268798,,1.1939206244878608,0.5011603754601408,0.5983457084379421,0.5583607291432322,48.828125
ENSG00000104611,SH2D4A,1.193762786439065,0.5094106793149935,0.6081155119808836,0.5789320180612416,45.703125
ENSG00000169116,PARM1,1.1929456861663774,0.7658853754348476,0.9136596547229178,1.158261153705144,48.4375
ENSG00000279202,,1.1923490122720006,0.5452620248017145,0.6501426367017553,0.6381003349298662,46.09375
ENSG00000154645,CHODL,1.1916741573992045,0.5811749533385003,0.6925711728211794,0.7126738669984992,45.703125
ENSG00000179921,GPBAR1,1.191660623739111,0.6267305868949131,0.7468501620955713,0.8009444171612545,48.4375
ENSG00000145431,PDGFC,1.1914831440254483,0.5715275710808972,0.6809654672886954,0.6874686626349595,46.875
ENSG00000166736,HTR3A,1.191301348394306,0.740413423864538,0.8820555102190689,1.0740573585993385,48.828125
ENSG00000139438,FAM222A,1.1892643274484151,0.5539749020469548,0.6588225893061733,0.652860271366636,47.65625
ENSG00000258917,ZMYND19P1,1.1890606815682163,0.5878946297814227,0.6990423891781928,0.7243699715824583,47.265625
ENSG00000186648,CARMIL3,1.1890209901051638,0.6044239539647303,0.7186727681864216,0.753086907047597,45.3125
ENSG00000102174,PHEX,1.188010291033641,0.715965214621577,0.8505740429925429,1.0135468705979465,45.3125
ENSG00000274508,,1.1869208081961269,0.5665598712024387,0.672461700219092,0.6829879525282623,44.921875
ENSG00000171643,S100Z,1.18579300486046,0.5118279466212936,0.6069219987956228,0.5757179258866416,46.09375
ENSG00000243175,RPSAP36,1.1857512016193268,0.5629118906947137,0.6674734507970639,0.6802534652903902,45.703125
ENSG00000118514,ALDH8A1,1.1855288258939305,0.5370168210923276,0.636648921394878,0.6199714674783677,47.65625
ENSG00000217643,PTGES3P2,1.1852558755067468,0.5010849604451137,0.593913893495637,0.5578863205194757,46.484375
ENSG00000165304,MELK,1.1852067774788158,0.7112751362557023,0.8430081121424264,0.9869994062206514,47.65625
ENSG00000064787,BCAS1,1.1846944719822476,0.6574800280941782,0.7789129547219057,0.8673210002648877,46.09375
ENSG00000223525,RABGAP1L-IT1,1.183986713782594,0.5436988021672331,0.6437321580655151,0.6400126194943536,43.75
ENSG00000273428,LOC105372990,1.1836277587282793,0.5162113547471024,0.6110020888494015,0.5833712986483934,47.265625
ENSG00000172771,EFCAB12,1.1833699864024767,0.6150071549068492,0.7277810085395441,0.7728994632725106,47.65625
ENSG00000197763,TXNRD3,1.1833113747499877,0.6309784608355076,0.7466439899288956,0.7991895710474477,49.21875
ENSG00000223573,TINCR,1.1826662676081954,0.5642824671515262,0.6673578393028395,0.6763077901362402,46.484375
ENSG00000215912,TTC34,1.1819293107520734,0.7058857050417835,0.8343070048297766,0.977094180060838,46.875
ENSG00000156869,FRRS1,1.1810427289827548,0.6972802334399811,0.8235177497676877,0.9746485595828632,42.96875
ENSG00000205057,CLLU1-AS1,1.1810201774361662,0.7829852673825555,0.9247213994140496,1.213493708741266,44.921875
ENSG00000249175,,1.1807680611171596,0.5649757895309906,0.6671053675826442,0.6716131486184412,45.3125
ENSG00000260806,PAPOLA-DT,1.180051942991677,0.5119510798619016,0.6041288665077241,0.5730740035888233,48.828125
ENSG00000234043,NUDT9P1,1.1799153955992638,0.5499732280225001,0.6489218789111724,0.6441097469322281,47.65625
ENSG00000236375,POU5F1P5,1.1796358829606777,0.5075775901180393,0.598756738689946,0.5650489331061971,47.265625
ENSG00000274173,LINC02967,1.1774537409410344,0.6323730725873,0.7445900399882927,0.8077840709610087,46.875
ENSG00000170442,KRT86,1.1769383845748649,0.6252980521238181,0.735937279344416,0.7971417170164083,46.875
ENSG00000177990,DPY19L2,1.1764336142233465,0.5754985269773915,0.6770358120722246,0.6866679251910743,46.484375
ENSG00000230709,LINC03227,1.1763504505122582,0.5459993739195118,0.6422866094896286,0.6315356107673844,48.046875
ENSG00000135525,MAP7,1.1762160051742283,0.5049523211420659,0.5939330019771748,0.5631683692213084,46.484375
ENSG00000272323,TTC23L-AS1,1.1760018283948033,0.5906138695954513,0.6945629905195806,0.7190555568959636,48.046875
ENSG00000065320,NTN1,1.17567779750691,0.562564912236658,0.6613950769730623,0.6668024652070429,45.3125
ENSG00000137261,KIAA0319,1.1754762176355618,0.6912307797209563,0.8125253424596699,0.941230569815244,44.53125
ENSG00000160606,TLCD1,1.1753128796200096,0.5061675669201711,0.5949052606472002,0.56990867430426,44.53125
ENSG00000117399,CDC20,1.1752120659048668,0.7606561535223586,0.8939322896242605,1.1086451154355603,50.0
ENSG00000132141,CCT6B,1.1745396362350031,0.513639523108563,0.603289978627852,0.5744711611527142,47.265625
ENSG00000143147,GPR161,1.1739941200151094,0.675627036554344,0.7931821682380332,0.9018984698187428,46.484375
ENSG00000168917,SLC35G2,1.1739417755308827,0.6869491755879762,0.8064383348892249,0.9239980712900284,47.265625
ENSG00000176177,ENTHD1,1.1734338033086151,0.6259256044860203,0.7344822626602747,0.796704280332382,45.3125
ENSG00000258535,,1.1726614274009708,0.5579598794199272,0.6542980286330453,0.6673827515939559,43.359375
ENSG00000111732,AICDA,1.1724552029254085,0.6243771162999829,0.7320541985934779,0.7846408708390944,46.484375
ENSG00000163293,NIPAL1,1.1723065527005838,0.708657057212287,0.8307633117874765,0.972614707295984,45.703125
ENSG00000237977,EIF4HP2,1.1721701900211086,0.5420871987727076,0.6354184547934151,0.6274441497330359,45.703125
ENSG00000204241,LINC02731,1.1721155537648889,0.607019843358955,0.7114973998449576,0.7480067820294098,46.875
ENSG00000125845,BMP2,1.17171258425927,0.6083307904348585,0.7127888425449125,0.7545557570147737,48.4375
ENSG00000187848,P2RX2,1.1711392123251587,0.5436106368043543,0.6366437329986294,0.6301990093112761,45.3125
ENSG00000242324,,1.1711112706236086,0.5144972374786921,0.6025335135160077,0.5759156668268759,46.875
ENSG00000204396,VWA7,1.1710178484258682,0.6123231641191057,0.7170413541880749,0.7594152010452435,46.875
ENSG00000225265,TAF1A-AS1,1.1706663630550436,0.5013288749002298,0.5868888506739289,0.5523255633924474,47.65625
ENSG00000280367,,1.1704600437846668,0.6235143058769712,0.7297985817571259,0.7777113587112704,45.703125
ENSG00000168477,TNXB,1.1704521694840304,0.5460182101868083,0.639088198690937,0.633523462851756,46.09375
ENSG00000154611,PSMA8,1.1700448421885263,0.5756081991715861,0.6734874045621403,0.6859537547121808,47.65625
ENSG00000131650,KREMEN2,1.1696184960800642,0.5259128212062488,0.6151173630084764,0.5943938838340769,47.265625
ENSG00000175170,FAM182B,1.169567513409769,0.5480067633644334,0.6409309075598761,0.6380386320107068,45.703125
ENSG00000187479,C11orf96,1.168228757513569,0.5221871508593476,0.6100340464379663,0.5976393707354735,42.1875
ENSG00000141096,DPEP3,1.1680495369917108,0.7011355082456542,0.8189610057747841,0.948423027517559,47.265625
ENSG00000256712,,1.1676703155317365,0.5085596641760828,0.5938300235352005,0.5635535240232841,46.484375
ENSG00000234494,SP2-AS1,1.1675808119679834,0.5535833567776944,0.6463533051984623,0.6440100715483391,45.3125
ENSG00000071282,LMCD1,1.1674492164590653,0.6181366798837784,0.7216431825949252,0.765023097245296,48.4375
ENSG00000254595,LOC644169,1.167117804055986,0.5181411080195244,0.6047317121828828,0.5784412829976917,47.65625
ENSG00000154263,ABCA10,1.1670365091191357,0.5315496347980995,0.6203378302183253,0.6050432852857657,45.3125
ENSG00000213888,LINC01521,1.1661152988084884,0.5170563724844632,0.6029473463005529,0.5768039880719538,48.4375
ENSG00000279748,,1.16560527066331,0.5577129861163657,0.6500731961346092,0.6549561017314773,44.53125
ENSG00000132517,SLC52A1,1.1653465852036442,0.5851867280473506,0.6819453552364736,0.7025223135510998,45.703125
ENSG00000181097,LINC02878,1.1648291383156657,0.6389784337918232,0.7443006984360229,0.8158692259124021,44.921875
ENSG00000279670,,1.1647660735758023,0.5686503699407688,0.6623446586333367,0.6749414222506844,44.53125
ENSG00000100473,COCH,1.164636823779121,0.5434366461651954,0.6329063295150111,0.6335540272557656,47.65625
ENSG00000269894,,1.1639394322065322,0.5054012034395511,0.5882563897679292,0.555567831463624,48.828125
ENSG00000121742,GJB6,1.162950981589254,0.689351276954162,0.8016817441936485,0.9168300775563824,48.046875
ENSG00000159714,ZDHHC1,1.162833698086859,0.5457746678848254,0.6346451753786388,0.6287283445468496,46.09375
ENSG00000227688,HNRNPA3P2,1.162787363737178,0.5091694814220544,0.5920558389981767,0.5676174762396895,45.3125
ENSG00000233056,ERVH48-1,1.1627773073631504,0.9053266533440782,1.0526932882595197,1.535098540010044,47.65625
ENSG00000185483,ROR1,1.1619690903488396,0.6561238383719106,0.762395619629198,0.8599396741945198,42.578125
ENSG00000253669,GASAL1,1.1606354782260264,0.5948402695646591,0.6903927207342765,0.7238457851138864,45.3125
ENSG00000182389,CACNB4,1.1601222710989605,0.5910264120186717,0.6856629033905713,0.725992311554,42.96875
ENSG00000256222,,1.1600566633452958,0.5305990510255787,0.6155249647069132,0.6028828240301257,42.578125
ENSG00000233864,,1.159201162804655,1.6081672525657655,1.8641893491586023,5.664238683272886,55.859375
ENSG00000267216,ZNF8-ERVK3-1,1.159188405353401,0.5172147705396952,0.5995493650871345,0.5764554075607113,47.65625
ENSG00000236432,MFF-DT,1.1588180998309512,0.5103649720560637,0.5914201671382843,0.564497061010055,45.703125
ENSG00000248318,SNTB1-AS2,1.1581681395923322,0.5145257806356007,0.5959073661310261,0.5719802171216379,46.09375
ENSG00000172817,CYP7B1,1.1572678104149363,0.5808704321125195,0.6722226531056334,0.688694936650335,48.046875
ENSG00000101335,MYL9,1.1569184339207583,0.5206339128677215,0.602330971120961,0.6164526180760015,40.234375
ENSG00000279573,,1.1561941833689284,0.5067534809686124,0.5859054270978666,0.5614717218337435,45.3125
ENSG00000279681,,1.155385379366255,0.5460162938973482,0.6308592428647442,0.625675263090255,45.703125
ENSG00000205622,ETS2-AS1,1.155272899125702,0.5738600980679003,0.6629650191874628,0.6837215592778566,42.578125
ENSG00000161643,SIGLEC16,1.1549854674948647,0.5126000780702599,0.5920456408078832,0.5688595847933475,44.921875
ENSG00000137807,KIF23,1.154860366356595,0.6033229640558642,0.6967537793009021,0.7334628935160995,45.703125
ENSG00000154734,ADAMTS1,1.154436803108662,0.8793726579428194,1.0151801599766754,1.4368237392245469,47.265625
ENSG00000146453,PNLDC1,1.1542634822831446,0.5950290550871862,0.6868203091845846,0.7294984162033571,44.53125
ENSG00000270557,,1.1541224824349037,0.6192824747453967,0.7147278270815877,0.7682817626938585,45.703125
ENSG00000282961,PRNCR1,1.1539659054150175,0.6526319000789974,0.7531149614773834,0.8438864870587078,43.75
ENSG00000136367,ZFHX2,1.1531662506081444,0.5409556210740568,0.6238117652993702,0.6199501266926728,45.3125
ENSG00000279377,,1.1521062968815272,0.5488505507488158,0.6323341755646049,0.6268310672646783,46.875
ENSG00000165568,AKR1E2,1.1514892239494308,0.5020268852011674,0.5780785484420423,0.5522927537792333,44.140625
ENSG00000197653,DNAH10,1.1502404172956755,0.5040180030500454,0.5797418781528173,0.555035809074255,43.75
ENSG00000265293,ARGFXP2,1.1499892392494366,0.6026155130737222,0.6930013554395588,0.7326422738723994,44.921875
ENSG00000004838,ZMYND10,1.1498398700195207,0.608309422758096,0.6994584275958187,0.7425465237957123,44.53125
ENSG00000229922,LINC02865,1.1491222322188617,0.5171699108243699,0.5942914423629296,0.5760613336683571,45.3125
ENSG00000162877,PM20D1,1.149017256449862,0.6928156529156879,0.7960571407387036,0.9198486271650532,46.484375
ENSG00000114374,USP9Y,1.148892579196265,2.0001180256645967,2.29792075720274,10.76119707863017,55.859375
ENSG00000067646,ZFY,1.1482835410312933,1.6658548565282658,1.912873713498454,6.06436872644247,55.078125
ENSG00000174564,IL20RB,1.1481610955476664,0.6385233682879026,0.7331276900662244,0.7970436048496011,45.703125
ENSG00000205181,LINC00654,1.1479316046179877,0.6601060793461944,0.7577566308819654,0.8566562055378837,43.75
ENSG00000183844,FAM3B,1.1461252336926302,0.9760079959799448,1.1186273924783898,1.8233672100968048,39.453125
ENSG00000279233,,1.145828050702005,0.6825400585604467,0.7820735448263492,0.897101694867515,44.53125
ENSG00000278931,,1.14513003376269,0.5308257564985213,0.607864516461257,0.6001039917887481,41.015625
ENSG00000091844,RGS17,1.1450987925431084,0.5571248153636592,0.6379629533687284,0.6441603353137755,44.53125
ENSG00000234882,EIF3EP1,1.1445804130132742,0.5925577341943353,0.6782299761383622,0.711192407328059,44.921875
ENSG00000258116,PPIAP45,1.1444495865731137,0.6419976874110047,0.7347339879384194,0.8259959271514279,42.578125
ENSG00000131002,TXLNGY,1.144057833965084,2.159951511787813,2.4711094480455738,13.901240335660784,55.859375
ENSG00000142731,PLK4,1.1428822170283237,0.781513087308715,0.893177409860034,1.1451751538395205,45.3125
ENSG00000232022,FAAHP1,1.1428204994620046,0.6942518406553198,0.7934052352901285,0.931546900907589,44.140625
ENSG00000171517,LPAR3,1.1427847939242262,0.7749160906510744,0.885562324963255,1.122711123774553,44.921875
ENSG00000240023,RPLP0P3,1.1418997599511698,0.5295246614995931,0.6046640838546098,0.5923321353112054,45.703125
ENSG00000254789,,1.1398888817760224,0.918337606666888,1.0468028275563876,1.6415843241638186,41.40625
ENSG00000012817,KDM5D,1.1394869243154726,2.700102587763438,3.0767315930668087,34.030812087038626,55.078125
ENSG00000183878,UTY,1.1393314760444992,2.3064687705883617,2.6278324688449795,17.252479122712245,55.46875
ENSG00000129824,RPS4Y1,1.139077672426955,2.829101335367453,3.2225661641503485,40.310812324166754,56.25
ENSG00000126231,PROZ,1.1389485941916382,0.5421181541206475,0.6174447095214772,0.6165141426306622,44.140625
ENSG00000271538,LINC02427,1.1386686427781012,0.6723562958733478,0.7655910308854164,0.8751329963740879,41.796875
ENSG00000235121,,1.1382593400654015,0.6253347890648685,0.7117931643209143,0.7705549877687332,43.359375
ENSG00000144837,PLA1A,1.137225993855158,0.6769402735744137,0.7698340753962452,0.8774571000883318,44.921875
ENSG00000235253,EEF1A1P50,1.1370999458006248,0.6073417407820221,0.6906082605256944,0.7293653233500179,46.09375
ENSG00000067048,DDX3Y,1.136517484073498,3.2710109631593425,3.717561150226685,80.9989639894215,55.859375
ENSG00000167046,,1.1358940621241649,0.5135543471284423,0.5833433334812498,0.5649694617945978,43.75
ENSG00000197385,ZNF860,1.135690076247352,0.7317326868342733,0.8310215509034956,1.005811889716472,42.1875
ENSG00000261643,,1.135112838957418,0.5147262516164101,0.5842723767582134,0.5680906373521803,43.75
ENSG00000230789,ARHGAP26-IT1,1.1350859057044458,0.5287142786511008,0.6001361258415574,0.590364388402505,43.359375
ENSG00000272148,,1.134841748475259,0.5653754127989221,0.6416116220056503,0.6575350828789934,42.96875
ENSG00000101977,MCF2,1.1347669465980563,0.6319611972544272,0.7171286781768583,0.787766416390379,43.359375
ENSG00000198692,EIF1AY,1.1326802897554948,2.724539816014458,3.086032548253639,33.35311887696433,54.6875
ENSG00000260526,AP1AR-DT,1.132592572099335,0.6309298360141903,0.7145864457855234,0.7890296845241084,42.1875
ENSG00000259207,ITGB3,1.1324313244655273,0.7210425441736901,0.8165311632946054,0.981875500271258,44.53125
ENSG00000124313,IQSEC2,1.1323184707185945,0.5225425111930496,0.5916845371595678,0.5827510384304682,42.1875
ENSG00000166035,LIPC,1.1316297918973086,0.6323180904058934,0.7155499890589246,0.781002761993079,45.703125
ENSG00000188672,RHCE,1.131611929967276,0.623618747605418,0.7056944145415427,0.7681900244436979,42.1875
ENSG00000150672,DLG2,1.1309599053141544,0.6019709056876948,0.6808049584984311,0.7193389893495236,42.96875
ENSG00000250742,LINC02381,1.1308070026753323,0.5449674761589438,0.616253038270836,0.6152229697477086,44.921875
ENSG00000135740,SLC9A5,1.1306085093166869,0.6550100789526269,0.7405599689520349,0.8386841856164021,40.625
ENSG00000154856,APCDD1,1.130324700527831,0.7097874429894953,0.8022902789355162,0.9520189700163368,44.140625
ENSG00000242498,ARPIN,1.1299118117049205,0.585375900030367,0.6614231437317103,0.6941216974883575,42.96875
ENSG00000255585,,1.1298371124086988,0.515112100649576,0.5819927683646959,0.5658923343907127,43.359375
ENSG00000171502,COL24A1,1.129815280792858,0.71000926853898,0.8021793210998995,0.9489072327285434,44.921875
ENSG00000251669,FAM86EP,1.1297569168116484,0.6671110074785169,0.7536732749800418,0.8550743143683486,43.359375
ENSG00000279410,,1.1294616175334062,0.5914838324701285,0.6680582861665696,0.7048056056989739,43.359375
ENSG00000155659,VSIG4,1.1293702746917154,1.0467775861196875,1.1821994899771224,2.2291313551463183,38.671875
ENSG00000145700,ANKRD31,1.1292919499403735,0.6517563805023423,0.7360232338235704,0.8148915750849743,46.875
ENSG00000279080,,1.1292850552490965,0.6139866945262784,0.6933659982503183,0.7576476547491723,39.84375
ENSG00000249628,LINC00942,1.1288693162646737,0.5199276247226579,0.5869303422277825,0.5742745853822719,44.921875
ENSG00000233578,EIF4EP1,1.1288222355508966,0.5033376704695574,0.5681787544164262,0.5466992376106741,43.75
ENSG00000164821,DEFA4,1.1287102570105283,0.7565957556969332,0.8539773898657605,1.1068058904003713,40.625
ENSG00000272356,,1.1284523638316124,0.5059460664261989,0.5709360346299501,0.5482502143054044,44.53125
ENSG00000110237,ARHGEF17,1.1277117304842212,0.7955410941782775,0.8971410239870962,1.1564154697632485,44.921875
ENSG00000277851,LINC02391,1.125061872089349,0.5235492987299122,0.5890253541601409,0.5814596056840305,43.359375
ENSG00000091651,ORC6,1.1245628110896493,0.6991884228367966,0.7862812982666864,0.924203860678784,45.3125
ENSG00000196411,EPHB4,1.124541313272615,0.6496117243185706,0.7305152215824934,0.8149224309663394,43.359375
ENSG00000240694,PNMA2,1.1241345221380226,0.7245213475379857,0.8144594587934096,0.9795894669040353,44.140625
ENSG00000234756,LINC02621,1.1236935673882134,0.5453957923897248,0.6128577435889313,0.6182468758244953,42.1875
ENSG00000157856,DRC1,1.1232005673494456,0.5299100952403331,0.5951953196181409,0.5924962277586815,41.40625
ENSG00000254484,,1.1229217779517495,0.5071707491008072,0.5695130793053991,0.5535517817717659,43.75
ENSG00000225726,,1.1227035894208592,0.508450058629586,0.5708387058646825,0.5614633590390478,42.1875
ENSG00000275801,,1.1219830839021234,0.5453156662642354,0.611834952935288,0.6166456800170454,42.96875
ENSG00000260816,,1.1218227603330453,0.5701468550939885,0.639603718776743,0.6543706766484593,45.703125
ENSG00000164403,SHROOM1,1.1199517517221331,0.6803220171818414,0.7619278348779384,0.873167651759404,43.75
ENSG00000198680,TUSC1,1.1195799726988158,0.5275106398758733,0.5905903477905651,0.5826877112813622,44.140625
ENSG00000171757,LRRC34,1.119391150823045,0.5597412371479199,0.626569387614125,0.6502591121305007,40.234375
ENSG00000272084,,1.1193886320773123,0.5685419487687597,0.6364193943108315,0.6539881105955456,44.140625
ENSG00000250510,GPR162,1.119262140772921,0.7040687303267136,0.7880374743567499,0.9381856255441318,41.796875
ENSG00000179428,IL6-AS1,1.1189130374065723,0.5111811154592267,0.5719672145633631,0.558264980344142,41.796875
ENSG00000184905,TCEAL2,1.1188543924200285,0.6160754879977768,0.689298765808625,0.7473261241403004,43.359375
ENSG00000137338,PGBD1,1.1187026872285744,0.702983927628726,0.7864300089167534,0.9243360342449558,44.140625
ENSG00000170624,SGCD,1.1185194613873255,0.7954813324291439,0.8897613514923182,1.1613508141815934,42.1875
ENSG00000236337,FMR1-IT1,1.118108507625662,0.5252111847189764,0.5872430939344406,0.5885975021498235,39.453125
ENSG00000185633,COXFA4L2,1.1176028428038398,0.6808384758612727,0.7609070161127918,0.9400229367888576,37.109375
ENSG00000230163,,1.1172553919265602,0.5947179045669547,0.6644517855526957,0.7048673384040806,42.96875
ENSG00000254461,,1.1165970623705008,0.5497083138210439,0.613802688373219,0.6194306139404957,43.75
ENSG00000250764,,1.1163324293395982,0.5189602139010001,0.5793321163147009,0.5686727946709629,43.359375
ENSG00000147036,LANCL3,1.115860660918932,0.6040041515361315,0.6739844717308864,0.7210269552776767,42.578125
ENSG00000254266,PKIA-AS1,1.1153367610653695,0.5717774179486154,0.6377243733851289,0.6615678147707234,40.234375
ENSG00000169314,C22orf15,1.114430571979942,0.7457522077105755,0.8310890593942011,1.0256347275405018,45.3125
ENSG00000272144,,1.1140480126866554,0.5443382509192567,0.6064189466659279,0.6131007443723286,42.578125
ENSG00000196368,NUDT11,1.1139643207739856,0.6945191900699748,0.773669597830798,0.8965890007628744,46.09375
ENSG00000172264,MACROD2,1.1139504089114765,0.6399662575555478,0.7128906742935498,0.8174350856918907,38.28125
ENSG00000131773,KHDRBS3,1.11389418559983,0.6620314417254018,0.7374329736221977,0.8317569253213908,44.921875
ENSG00000117791,MTARC2,1.1136437464640203,0.6574404603030128,0.7321544572888774,0.8182757666586061,45.3125
ENSG00000173567,ADGRF3,1.1133792374333908,0.5323201023472659,0.5926741496218635,0.5921042707681099,40.234375
ENSG00000181619,GPR135,1.1132764926650809,0.5609743040591115,0.6245195056981623,0.6373780676714831,43.359375
ENSG00000169435,RASSF6,1.112482357210343,0.726306276736642,0.8080029188006473,0.9840583543708236,41.796875
ENSG00000118432,CNR1,1.1124288757140428,0.7358897270263547,0.8186249816854416,0.99493645603045,43.359375
ENSG00000242265,PEG10,1.1122281215993797,0.6113643398410246,0.6799766113142275,0.738901691629813,40.625
ENSG00000163827,LRRC2,1.1119262573882225,0.6432756595114284,0.7152750965494831,0.7961516791150591,43.75
ENSG00000253291,TRBV7-7,1.1119169647740084,0.5202534459255402,0.5784786325067454,0.587673962841622,37.109375
ENSG00000181790,ADGRB1,1.110985840605403,0.6474459495323711,0.7193032824877846,0.8135157462919892,39.84375
ENSG00000261662,,1.1102078141632583,0.6920804475869452,0.7683531209406319,0.8853177415298884,45.3125
ENSG00000109339,MAPK10,1.1101997096783005,0.585043473003108,0.6495150938772352,0.691274696612695,39.453125
ENSG00000171747,LGALS4,1.1101529475510612,0.5255853547250016,0.5834801307376306,0.5771231059503807,43.75
ENSG00000223534,HLA-DQB1-AS1,1.1098715496918357,0.5699433961821553,0.6325639603573165,0.6639133470845969,40.625
ENSG00000226599,,1.109414377449195,0.5212642199176039,0.5782980200264287,0.5740995181252998,41.796875
ENSG00000103647,CORO2B,1.1090859378399287,0.7016019887357414,0.7781368996673389,0.9153897871136084,44.140625
ENSG00000154188,ANGPT1,1.1089088299348109,0.621224636004702,0.6888814842386528,0.7432490012548116,45.703125
ENSG00000272754,,1.1086866212530455,0.5901689426540194,0.6543124109995673,0.6873159624584586,42.96875
ENSG00000279192,PWAR5,1.107835807119798,0.5827215209336504,0.6455597664696069,0.6787552198862711,42.1875
ENSG00000099725,PRKY,1.106555827544662,2.4306505015759488,2.689650477243222,20.1233824965886,47.265625
ENSG00000099889,ARVCF,1.1061374680637055,0.6571422457283161,0.726889659847617,0.8203062450416034,42.578125
ENSG00000188681,TEKT4P2,1.1059984928912223,0.5143159920727773,0.5688327121023457,0.5608478305188801,40.234375
ENSG00000122786,CALD1,1.10426497745249,0.5945596226155574,0.6565513682617294,0.7006369981741103,39.84375
ENSG00000122386,ZNF205,1.1036318215094307,0.5873514274131741,0.6482197257021656,0.6798194771518073,42.578125
ENSG00000186567,CEACAM19,1.1035871690163557,0.5936638721115568,0.6551598319708807,0.6918035571935334,42.578125
ENSG00000230076,RPL10P6,1.1033483409650489,1.112413404102594,1.22737948388388,2.5449249575082518,17.96875
ENSG00000066382,MPPED2,1.1032259871401622,0.7048464183558852,0.7776048856728792,0.916521936586294,42.96875
ENSG00000212916,MAP10,1.103007516475652,0.7639072716545069,0.8425954625253289,1.0507770497184328,44.140625
ENSG00000228408,,1.1026145081778356,0.5484923865252288,0.6047756630078024,0.6085555378514736,44.921875
ENSG00000257800,FNBP1P1,1.1026105759243523,0.5733906547322543,0.6322266000439724,0.6601872543102119,42.578125
ENSG00000282100,HSP90AB4P,1.1022755127025856,0.7048459897310202,0.7769344747071216,0.9258723512947808,39.84375
ENSG00000154269,ENPP3,1.101825707149786,0.806399967653805,0.8885122146057182,1.1656171493344685,43.359375
ENSG00000261369,ITFG1-AS2,1.1014357506744477,0.557948377464316,0.614544289969999,0.6274712665953419,43.75
ENSG00000100079,LGALS2,1.1012370332155674,0.8508674105116477,0.9370067028116592,1.2994190768941012,40.625
ENSG00000274290,H2BC6,1.1010618915729042,0.5102731224650451,0.5618422894401748,0.557592913030857,39.84375
ENSG00000234911,TEX21P,1.1005545796151577,0.5683487774567976,0.6254988498487547,0.6432140735355283,44.140625
ENSG00000172348,RCAN2,1.1005131403759432,0.8939341694945668,0.9837863001598264,1.423557420464436,42.96875
ENSG00000225311,,1.1002844139432335,0.5722377528165717,0.6296242804939747,0.6573805109586532,41.796875
ENSG00000183479,TREX2,1.0997095281072695,0.6038225611730095,0.6640294238080932,0.7136067494494404,41.40625
ENSG00000227213,SPATA13-AS1,1.0986954887884155,0.5150980474533855,0.5659359010207559,0.5563557342261122,42.578125
ENSG00000078399,HOXA9,1.0985415452610017,0.6039496206170804,0.6634637494924831,0.7105218569291332,42.96875
ENSG00000168754,FAM178B,1.098447844983773,0.5213557954893363,0.572682150025062,0.56595882224094,42.96875
ENSG00000228196,PTPN2P1,1.098366652616164,0.5244064435952046,0.575990550062012,0.5745101514914825,39.0625
ENSG00000283709,FAM238C,1.0980767218898664,0.5320895734722519,0.5842751745901876,0.5804755693084634,45.703125
ENSG00000106018,VIPR2,1.0979031899258185,0.5890801085901411,0.6467529303429636,0.68279762313902,42.1875
ENSG00000011105,TSPAN9,1.097814489587016,0.5113478646255669,0.5613650950053273,0.5489285994838174,45.703125
ENSG00000225766,DHRS4L1,1.0973316696357522,0.6574256189840245,0.7214139521410575,0.8184276248760212,41.796875
ENSG00000257743,MGAM2,1.0970272126219902,0.8537808596791746,0.9366208366838514,1.29058933524117,41.015625
ENSG00000164638,SLC29A4,1.0967942021021366,0.5897803652886979,0.6468676851623241,0.6845468067141864,40.625
ENSG00000113790,EHHADH,1.0966575711751765,0.7650164553675172,0.838961087852384,1.0535806539896493,42.96875
ENSG00000104327,CALB1,1.096623813675193,0.6188138812814814,0.6786060384460461,0.7418566406951321,39.84375
ENSG00000268584,,1.096522817383217,0.5333768154269484,0.5848598483788456,0.5879177321310489,42.96875
ENSG00000253958,CLDN23,1.0956909621318578,0.8251081121231014,0.9040635012349616,1.2053905397486822,45.3125
ENSG00000234449,,1.0955125726102155,0.6869150048202739,0.7525240240952169,0.8701836401665834,43.75
ENSG00000255397,NASPP1,1.0954839785599748,0.70591049103891,0.7733136332305306,0.9087737049365644,43.75
ENSG00000075702,WDR62,1.0950143200384128,0.7343317108653251,0.8041037390558383,0.982949808408856,41.40625
ENSG00000172927,MYEOV,1.0948475743160309,0.5599537420305228,0.6130639961913025,0.6292038000847153,42.578125
ENSG00000091428,RAPGEF4,1.0946591829268708,0.6590460360041612,0.7214307952835083,0.821547534593388,39.0625
ENSG00000280347,,1.094246816374863,0.7232505762561277,0.7914146405095528,0.9646237448889002,39.84375
ENSG00000211639,IGLV4-60,1.0939926775354472,1.0731507691496291,1.1740190833412274,3.261086936820271,26.953125
ENSG00000171657,GPR82,1.093944387357808,0.6216873366157718,0.6800913725822478,0.7520771239722565,40.234375
ENSG00000109265,CRACD,1.0930126200531964,0.6424355398950721,0.7021901526760026,0.7905358083257776,39.84375
ENSG00000279668,,1.0922239879111508,0.757344314960386,0.8271896279078714,1.0401422412900423,41.40625
ENSG00000229619,MBNL1-AS1,1.091830044061484,0.6332542699864927,0.6914060375014753,0.7602769182882493,42.1875
ENSG00000165555,NOXRED1,1.091730004478859,0.6578143612366487,0.7181556755391443,0.8161681608968223,42.578125
ENSG00000204099,NEU4,1.091672119306588,0.6517771588968431,0.7115269523685434,0.7999601419765919,41.40625
ENSG00000246627,,1.0915258718752563,0.5808926798737082,0.6340593888651036,0.667223222379044,42.1875
ENSG00000223599,,1.0913515875149271,0.6359723793887958,0.6940694658616078,0.7658392616265683,42.96875
ENSG00000156298,TSPAN7,1.091348991069064,0.6085562502340294,0.6641472497016807,0.7110155145321864,45.3125
ENSG00000100234,TIMP3,1.0913163404985171,0.8763872987995291,0.9564157797852828,1.3836063457218652,41.40625
ENSG00000158486,DNAH3,1.0910918669757594,0.5172696060656444,0.5643886602119796,0.5671847570453651,39.453125
ENSG00000204618,RNF39,1.090482414322374,0.5191670621476627,0.5661425513674373,0.5602832209662894,43.75
ENSG00000176933,TOB2P1,1.08995126670164,0.604164404990506,0.6585097585154447,0.7072649046554369,42.578125
ENSG00000186081,KRT5,1.0897795039401477,0.9420002092106364,1.0265725207050826,1.583188984752594,41.796875
ENSG00000233614,DDX11L10,1.0896006235318536,0.5499111875720146,0.5991835728656092,0.6184359816078981,37.890625
ENSG00000228651,,1.089492827962426,0.525504883601212,0.5725338017427498,0.5728629510014953,41.40625
ENSG00000043591,ADRB1,1.089384909453169,0.6051292556409401,0.659218679363869,0.7103458084870423,41.015625
ENSG00000070915,SLC12A3,1.0888130825043274,0.8882158028337268,0.967100986212446,1.3884631797441285,42.1875
ENSG00000255004,SLC1A2-AS1,1.0882295925938492,0.6680513767123457,0.726993277511436,0.8334416650720251,43.359375
ENSG00000168350,DEGS2,1.0881964611745472,0.6509846987762048,0.7083992454870446,0.7974069115911959,42.578125
ENSG00000254709,IGLL5,1.0881054038449949,0.6292641141904133,0.6847056830963226,0.7764099996312311,37.890625
ENSG00000196876,SCN8A,1.0875019588038648,0.7576954218881693,0.8239952554801048,1.0398440290951143,41.796875
ENSG00000139547,RDH16,1.087376901772532,0.7675825072623093,0.8346514886016818,1.0577994598482,42.578125
ENSG00000211658,IGLV3-27,1.0872948261878232,0.8765766414351314,0.953097246989517,1.570207851266647,31.25
ENSG00000272807,,1.0872138295890748,0.5289216709975639,0.5750509554779142,0.5744333786198283,42.578125
ENSG00000225871,,1.0869788634952702,0.5781737341547091,0.6284626284543021,0.6604662254425105,42.1875
ENSG00000132321,DRC11,1.0866123392321478,0.627556288340136,0.6819104064731194,0.7457948054797947,43.359375
ENSG00000185198,PRSS57,1.0864020743253309,0.5385825107177535,0.5851171568391121,0.5899734693862313,43.75
ENSG00000141449,GREB1L,1.086110096563568,0.61837719169421,0.6716257113837064,0.7355475608102394,40.625
ENSG00000263843,MIF4GD-DT,1.086095925349008,0.5724239808257139,0.6217073531468666,0.6471200833292448,42.96875
ENSG00000212993,POU5F1B,1.0859195769146863,0.646564159302611,0.7021166783180913,0.7914006387977471,40.625
ENSG00000261544,,1.085611896419254,0.576878944130828,0.626266644542205,0.6544958339303157,42.96875
ENSG00000172738,TMEM217,1.0854943593632491,0.5896812299850627,0.6400956489711684,0.676299773166923,42.578125
ENSG00000229425,LOC105369302,1.0852282648444769,0.6219169764274348,0.6749218812056685,0.7519242973656486,39.453125
ENSG00000102001,CACNA1F,1.0849003834117044,0.7074742334631534,0.7675390671380767,0.91722340172434,39.453125
ENSG00000183010,PYCR1,1.08443425195594,0.631521867873274,0.684843944380972,0.7525134158595075,44.53125
ENSG00000115266,APC2,1.0834351547454206,0.5293038830367653,0.5734664344252899,0.5760449872163892,40.625
ENSG00000265625,,1.083379720587707,0.6045079683759793,0.6549116738722108,0.7045773518089302,41.796875
ENSG00000205837,LINC00487,1.0828990170831176,0.7260840793657944,0.7862757358649192,0.9452891471802816,42.96875
ENSG00000234751,RPL15P16,1.0824800234068446,0.6438174652728565,0.6969195448782971,0.7779463951180721,41.015625
ENSG00000256981,TAS2R18P,1.082260002978988,0.5344459477885094,0.5784094730457002,0.584022154794032,42.578125
ENSG00000115468,EFHD1,1.0822029301360865,0.6948831172963648,0.7520045456402238,0.8881503411493541,42.1875
ENSG00000169085,VXN,1.0819367888117497,0.6732220345216666,0.7283836861876849,0.8377058719691841,42.1875
ENSG00000279203,,1.0816334784875892,0.520817862611982,0.5633340363954694,0.5574121393109395,44.140625
ENSG00000036565,SLC18A1,1.0810213107059996,0.8804461787226354,0.951781082128832,1.3429391228749583,44.140625
ENSG00000076706,MCAM,1.0808207862579,0.9569495403836168,1.0342909546465568,1.59073576443854,39.453125
ENSG00000278023,RDM1,1.0803703865729903,0.6104294111817914,0.6594898589339948,0.7156971522009365,41.796875
ENSG00000267582,,1.0801842042743708,0.526738764183736,0.5689748928502744,0.5702037234885802,41.015625
ENSG00000232027,,1.0800980603914363,0.5801384348207235,0.6266063982083873,0.6618636412180913,40.625
ENSG00000176720,BOK,1.0798067805140226,0.7217260879173274,0.7793247234069898,0.9361366634252116,43.359375
ENSG00000204860,FAM201A,1.0797758570670342,0.6219671026876905,0.671585061372101,0.738773725891104,39.453125
ENSG00000137098,SPAG8,1.079569201006569,0.7087508654744482,0.7651456055529643,0.9174983428156056,42.1875
ENSG00000260884,PCHILR,1.0789115707975574,0.5586829336540363,0.6027694815264639,0.6231486945160063,41.015625
ENSG00000279880,,1.078857796021647,0.5702375042569736,0.6152051770515631,0.6444676577459114,41.796875
ENSG00000227508,LINC01624,1.07875831566942,0.7479824659847722,0.8068923051559922,0.9873165522227104,44.140625
ENSG00000261729,GS1-204I12.4,1.0782390735407013,0.5380665593468984,0.5801643884534324,0.5862872019566492,42.1875
ENSG00000168903,BTNL3,1.0780112622167968,1.704098727907219,1.8370376206132988,6.313698453564632,45.703125
ENSG00000213058,,1.077234581378518,0.9996749498828184,1.0768844261516088,1.679600939422902,45.703125
ENSG00000183018,SPNS2,1.0772292629966878,0.6642306640099713,0.715528708651262,0.8199678263293371,42.1875
ENSG00000231154,MORF4L2-AS1,1.0768249649124144,0.5657798473669091,0.609245864289023,0.6360425106206191,39.84375
ENSG00000066056,TIE1,1.0767847764765002,0.7771240143116825,0.8367953080451256,1.0621321719525223,44.140625
ENSG00000274070,CASTOR2,1.0762852850305742,0.5072070682246081,0.5458995039936443,0.536332803370501,43.75
ENSG00000223724,RAD17P2,1.0749807405681615,0.5359000939688845,0.5760822798852189,0.5876740731427833,38.671875
ENSG00000163624,CDS1,1.074714986982828,0.5955099068038179,0.6400034217388103,0.6883730976390563,41.015625
ENSG00000179082,,1.0742470351207978,0.6970434418816054,0.7487968507917107,0.8797063265378043,42.96875
ENSG00000171121,KCNMB3,1.0742306123602414,0.6118773837419108,0.6572974166264552,0.7117756449272289,42.96875
ENSG00000254288,LOC105375903,1.0742058294917978,0.518216057141555,0.556670709517713,0.563349266042416,37.5
ENSG00000226726,TMEM256P2,1.073834043976686,0.6445932175056333,0.6921861414740177,0.7759560725157291,41.015625
ENSG00000247796,MOCS2-DT,1.0737074242438305,0.7108614987680166,0.763257268836316,0.9123986801235996,42.1875
ENSG00000228649,SNHG26,1.0735779866649615,0.6047943687525787,0.6492939207517,0.700839671044835,42.1875
ENSG00000256812,CAPNS2,1.07306347911,0.6839393328697665,0.733910320029404,0.8548973089573231,42.1875
ENSG00000282996,MPP7-DT,1.0729377516948528,0.638540336513767,0.6851140330255558,0.7656156262922836,41.796875
ENSG00000246090,LOC100507053,1.072644670317128,0.6287521815499328,0.6744276764898027,0.7508086741079112,39.84375
ENSG00000185915,KLHL34,1.0723463318317583,0.7127080070819418,0.7642698170614434,0.914343991298842,42.96875
ENSG00000262408,,1.0716078429333924,0.5466295703871145,0.5857725348061427,0.5977868869955478,42.578125
ENSG00000230224,PHB1P9,1.0713542222893853,0.6095758474822441,0.6530716580057325,0.7090818737011902,41.40625
ENSG00000227017,,1.070971539138832,0.6473861951671241,0.6933321898553673,0.7804028333248223,40.234375
ENSG00000260487,,1.070765637172794,0.605837691005396,0.6487101812326872,0.7062189126013572,41.015625
ENSG00000186628,FSD2,1.0705026219698934,0.5235554171812389,0.5604674468390576,0.5627699130889569,40.625
ENSG00000167216,KATNAL2,1.06985262515746,0.6025351472555829,0.6446238090410221,0.6996581829475583,37.109375
ENSG00000183579,ZNRF3,1.0697142256421883,0.69626900226347,0.744808856594927,0.8822053350625301,41.40625
ENSG00000227123,RPL12P44,1.068878888962821,0.5573492270285845,0.5957388225506003,0.6205406451789203,40.625
ENSG00000279406,,1.068859579106005,0.5838799380153561,0.6240856647955337,0.664996576356646,39.84375
ENSG00000225302,,1.0687843469775231,0.7532674633179914,0.8050804738817348,1.0203205226901484,37.890625
ENSG00000228526,MIR34AHG,1.0683971239714372,0.8418873943171502,0.8994700707962505,1.2406102978103537,40.234375
ENSG00000270846,MYG1P1,1.0678751198012848,0.7006504923683663,0.7482072284766983,0.8892708819231114,41.015625
ENSG00000270130,,1.0678151043670494,0.6057489907445072,0.6468279217720807,0.7033822870885852,41.015625
ENSG00000112232,KHDRBS2,1.067754570985756,0.6218625571375755,0.6639965879085372,0.7287668933059037,42.1875
ENSG00000203799,CCDC162P,1.0676972091530037,0.562142540128299,0.6001980212411651,0.6324422444736301,39.84375
ENSG00000222078,RN7SKP110,1.0675853357587566,0.512345364451067,0.5469723979319349,0.5423029988460221,42.1875
ENSG00000237398,HLA-DPA3,1.0675818185071524,0.687088323752439,0.7335230021466599,0.8578773978312322,41.015625
ENSG00000268510,IFNL3P1,1.0673803268117543,0.5560997368825047,0.5935699188935785,0.6132017541826829,42.578125
ENSG00000250130,GAPDHP43,1.0669949423233336,0.737478458947948,0.7868857857698667,0.9741400184491464,41.40625
ENSG00000121769,FABP3,1.0669315415873142,0.5553248925985526,0.5924936437419833,0.6129786461214936,41.40625
ENSG00000273486,,1.0669270044263288,0.5840207858767694,0.623107547598212,0.667547731844149,40.234375
ENSG00000215493,KLHL12P1,1.066763164663498,0.8745334169103836,0.9329200354273028,1.3333735503205428,37.5
ENSG00000228078,HLA-U,1.0664613828498457,0.696077277879935,0.7423395363381917,0.909022899425766,36.328125
ENSG00000111319,SCNN1A,1.0664608403211702,0.6004781295521228,0.6403864106366414,0.6964298399360445,37.5
ENSG00000259274,,1.066256559951806,0.5259834846104997,0.5608333408922551,0.5619566768084354,43.75
ENSG00000261630,,1.065993980206117,0.5418261351037478,0.5775833983389412,0.5922403987373808,39.84375
ENSG00000266677,,1.0657531944010743,0.6811399923609335,0.7259271226929883,0.8527334059503456,36.328125
ENSG00000104332,SFRP1,1.0657224047202407,0.7961368207312867,0.848460847076074,1.132426928936775,36.328125
ENSG00000267383,,1.065269354041152,0.5131051668452575,0.546595209640425,0.5453339155751092,40.625
ENSG00000246889,CTTN-DT,1.0644337863974835,0.6253683399539475,0.6656631899902891,0.7374557141036537,38.28125
ENSG00000237693,IRGM,1.0641586040299098,0.8342034880617001,0.8877248193326203,1.199934631751019,41.015625
ENSG00000172209,GPR22,1.0640821925141637,0.6216872355558041,0.6615263166682893,0.7319776519473842,39.84375
ENSG00000162643,DNAI3,1.0639272203662478,0.7090156898978407,0.7543410921490671,0.9043551141624416,38.671875
ENSG00000237017,PRPF31-AS1,1.0635103555401928,0.5665017808805568,0.6024805103984333,0.6322171556551499,40.234375
ENSG00000204086,RPA4,1.0627686665449096,0.6592886022809619,0.7006712687143951,0.8022274638696367,41.015625
ENSG00000132932,ATP8A2,1.0621793859080175,0.8209604996978259,0.8720073194237759,1.1725183337292495,37.890625
ENSG00000261000,,1.0620850767922334,0.5574163445705904,0.5920235811285016,0.6212082277613016,38.671875
ENSG00000166068,SPRED1,1.0620725622305605,0.7638970016667095,0.8113140458404049,1.0254811349065205,41.796875
ENSG00000165935,SMCO2,1.0615358514360294,0.5536242397757223,0.5876919787459458,0.6118086693431388,40.234375
ENSG00000249947,XBP1P1,1.0610854338480895,0.578320298821283,0.613647245177938,0.6462380540413311,42.578125
ENSG00000235530,TMEM11-DT,1.060984016330811,0.6187679020070076,0.6565028538479847,0.7198446634876192,42.578125
ENSG00000249850,KRT18P31,1.0605342076241138,0.7065828346575551,0.7493552666743504,0.8915812143568007,41.796875
ENSG00000119121,TRPM6,1.060527559641558,0.8580153269197601,0.9099489007932668,1.2675125350475152,38.671875
ENSG00000218428,NIP7P3,1.0604636605617224,0.658808473005676,0.6986424448926779,0.7995761798555246,40.625
ENSG00000266946,MRPL37P1,1.060455005636093,0.809074591045493,0.8579872000071679,1.1243800112494045,41.015625
ENSG00000223695,MYH9-DT,1.059827592137932,0.592724045543577,0.6281852979907031,0.6744514199797196,41.796875
ENSG00000177483,RBM44,1.0596258853519736,0.6839748342039982,0.724757439251881,0.8531491717549686,41.40625
ENSG00000095970,TREM2,1.059410033353292,0.7289045482314201,0.7722087917532149,0.9413295113053084,41.796875
ENSG00000183662,TAFA1,1.0593446198438885,0.7939762105609914,0.8410944269418247,1.097852690085366,42.1875
ENSG00000102098,SCML2,1.0589360578656488,0.8570606071510128,0.907572380688433,1.2542899662099638,40.625
ENSG00000106686,SPATA6L,1.0585882526670174,0.5960823029929637,0.6310057235710531,0.6848320345184808,39.453125
ENSG00000279502,,1.05847837676358,0.5139532953504657,0.5440084497948537,0.5478603665920687,39.84375
ENSG00000254965,C1DP5,1.0584697027705128,0.5041100828910858,0.5335852496013461,0.5313793757215906,42.1875
ENSG00000238198,LRIG2-DT,1.058179375966419,0.6364527050347115,0.6734811262457705,0.7578017540417556,39.0625
ENSG00000234694,CDC20-DT,1.057739697964394,0.5037988306839629,0.5328880230024698,0.5301621454466854,39.0625
ENSG00000101213,PTK6,1.0573687960587097,0.657014409504388,0.6947065351708788,0.7923536185740058,39.84375
ENSG00000165985,C1QL3,1.056696986397608,0.5619953432757776,0.5938587856090035,0.622445548383825,39.84375
ENSG00000279281,,1.0561283205791647,0.7210614592321987,0.7615334279732638,0.9314868458971044,37.890625
ENSG00000139194,RBP5,1.0560221503883038,0.5818309154590906,0.6144263345055042,0.6546628250104435,39.453125
ENSG00000259293,LIPC-AS1,1.0555975973844698,0.6005031535617252,0.6338896861215545,0.6916817787136933,35.9375
ENSG00000189045,ANKDD1B,1.0552500681114707,0.5269041688739631,0.5560156600924674,0.5659751331275253,39.0625
ENSG00000118276,B4GALT6,1.0551234994558756,0.6711559733049343,0.7081524392342164,0.8297745897013417,39.453125
ENSG00000109805,NCAPG,1.054960291209198,0.7357814179143303,0.7762201789092185,0.9606487110033982,39.0625
ENSG00000211667,IGLV3-12,1.054255297962664,0.9909013925584992,1.0446630428633792,1.652337996083613,39.453125
ENSG00000144115,THNSL2,1.0542321720122976,0.9728306633851518,1.0255893832606928,1.5762477281472878,41.40625
ENSG00000115290,GRB14,1.0539703261284623,0.7149948049191929,0.753583307720838,0.90525558810117,42.578125
ENSG00000284657,,1.0539100806217208,0.5552131055725864,0.5851446888562405,0.6104109373565278,37.890625
ENSG00000261737,,1.053723767051995,0.6460637126921823,0.6807726890936042,0.7648485606384388,42.1875
ENSG00000244486,SCARF2,1.0537197552011597,0.5377811924698412,0.5666706664811089,0.5799415126680085,41.40625
ENSG00000234390,USP27X-DT,1.053702401409801,0.7976005991125472,0.840433666650787,1.084401095207583,44.921875
ENSG00000233974,,1.053507662834468,0.6723438569612358,0.7083194053683433,0.8261404343576875,39.84375
ENSG00000143882,ATP6V1C2,1.0534739298043705,0.5200165790869743,0.5478239091341799,0.5532749904015831,39.0625
ENSG00000259158,ADAM20P1,1.0533421468805353,0.7726817920697349,0.8138982977142339,1.036673927349368,40.625
ENSG00000234231,ANAPC1P4,1.053019146697014,0.50012647695106,0.5266427559995891,0.5210268250246337,41.40625
ENSG00000254362,,1.052962093777695,0.5388506913120965,0.5673893521575435,0.5800706441923762,41.015625
ENSG00000269843,,1.0528544440037944,0.5042924930979322,0.5309465924359107,0.5310944128368698,39.453125
ENSG00000230454,LINC03143,1.0527483109074869,0.7132786447164113,0.7509028884315834,0.9044576160039168,39.453125
ENSG00000272140,,1.0522425268934306,0.5321191883751892,0.5599184393843905,0.5699322335583996,41.796875
ENSG00000242170,RN7SL329P,1.0513988813454869,0.6366742094900988,0.6693985516394121,0.7523904120404797,41.015625
ENSG00000251432,LINC02615,1.0512152821784129,0.6697019133980683,0.7040008858681733,0.8131471308338594,40.234375
ENSG00000262943,ALOX12P2,1.0507189759683997,0.786466219443751,0.8263549807276767,1.0921355064127942,35.9375
ENSG00000176927,EFCAB5,1.0507008206773625,0.5525514354165089,0.5805662466585805,0.6098463444979836,36.71875
ENSG00000270296,STX8P1,1.0504911595075055,0.5268620227165144,0.5534638971439411,0.5631688750400314,39.0625
ENSG00000109956,B3GAT1,1.050303780811482,0.8370308202802328,0.8791366351960647,1.2502098402603006,36.71875
ENSG00000275158,TRBV12-5,1.0502513158821825,0.5477590731079274,0.5752846873180053,0.6016635817084708,37.890625
ENSG00000162461,SLC25A34,1.0500750439758344,0.6132800534901767,0.6439900791381994,0.7098649619734199,38.671875
ENSG00000103067,ESRP2,1.049738597699048,0.6641472604527905,0.6971810138533766,0.8068440042484429,39.84375
ENSG00000259659,,1.0496687219154854,0.5832452078263927,0.6122142518624613,0.6565080047802833,38.28125
ENSG00000164484,TMEM200A,1.0490990214802758,0.8523537976519284,0.8942035350716351,1.223585405977004,41.015625
ENSG00000180481,GLIPR1L2,1.0486737351779982,0.6186299730375435,0.6487410045183452,0.7135703571520171,41.40625
ENSG00000214870,LINC02981,1.048537401104085,0.6073585727001658,0.6368381793573186,0.6954226580243505,39.453125
ENSG00000165646,SLC18A2,1.04841955634989,0.6404249799696293,0.671434073375146,0.7593526133892743,39.453125
ENSG00000166535,A2ML1,1.04785637993259,0.6482351048716064,0.6792572903359844,0.7722419121113728,39.453125
ENSG00000224563,LPP-AS1,1.0471875154877972,0.5464339146865616,0.5722187734988913,0.5937739501679484,37.890625
ENSG00000137285,TUBB2B,1.047135861032825,0.5443859212955433,0.5700460204299564,0.5954410167890813,35.15625
ENSG00000221886,ZBED8,1.0470679630910529,0.8470917406077989,0.8869626233894625,1.2131515658055017,42.1875
ENSG00000241288,LINC02614,1.046792028521611,0.5668688871220826,0.593393832256313,0.6256302815078671,38.671875
ENSG00000142408,CACNG8,1.0463864136327186,0.8121854832080478,0.8498598549786258,1.143559557003781,36.71875
ENSG00000184349,EFNA5,1.0462474967361377,0.5997307303990627,0.6274667753957548,0.684463647918834,39.84375
ENSG00000279696,,1.0457275807793354,0.5745195040471202,0.6007908910777385,0.6380443640068297,39.453125
ENSG00000100373,UPK3A,1.0453920476028298,0.6599166523858168,0.6898716204848138,0.7877007446482844,42.1875
ENSG00000269973,,1.0453539409780066,0.6730510152583897,0.7035765312796062,0.8289617977376924,36.328125
ENSG00000131187,F12,1.045290113267493,0.6644630871872841,0.6945566956680642,0.7972467651288075,40.234375
ENSG00000142494,SLC47A1,1.0449695366586778,0.8568060541297897,0.8953362253903564,1.2416089697211232,41.40625
ENSG00000205089,CCNI2,1.0449062680063717,0.7360693766906307,0.769123505391583,0.946295551398651,40.625
ENSG00000280353,,1.044504843359887,0.5966366167434431,0.6231898359143829,0.6766009305213114,39.84375
ENSG00000197993,KEL,1.0443707326355838,0.8945761417010214,0.9342691405066096,1.3490325454635892,40.625
ENSG00000225300,,1.0441296069275086,0.7168683814838386,0.7485035013774797,0.9189801829709257,37.890625
ENSG00000170558,CDH2,1.043867408547911,1.0235950435217225,1.0684975054835066,1.7719815572617936,38.671875
ENSG00000272556,GTF2IP13,1.043681590756423,0.670926675060045,0.7002338195075855,0.8162166465130909,37.5
ENSG00000233189,RPL12P29,1.0434875073809915,0.5771167073516943,0.6022140744223446,0.6403251730379114,40.234375
ENSG00000179455,MKRN3,1.0434274028354062,0.7836907695693847,0.8177244243178639,1.0513073735567584,41.40625
ENSG00000279329,,1.0433801376291862,0.6879944617653422,0.7178397562048406,0.8580649575847248,37.109375
ENSG00000283408,MIR548A1HG,1.0432712860408824,0.5314750181204351,0.5544726256531075,0.5668463258132119,39.0625
ENSG00000064300,NGFR,1.043251776660641,0.6875044094127588,0.7172401965818854,0.8563252701265631,36.328125
ENSG00000236936,,1.0431840619228456,0.6682972202187596,0.6971570087595521,0.8073240290256358,41.015625
ENSG00000270031,,1.0431261732626544,0.5369119802801403,0.5600669393684965,0.5734786981995172,42.1875
ENSG00000181074,OR52N4,1.0430198766019572,0.823768638187846,0.8592070633512493,1.1406453424359366,42.578125
ENSG00000013588,GPRC5A,1.042750976018593,1.0960979967538544,1.1429572559271062,2.030200983916862,38.671875
ENSG00000254876,SUGT1P4-STRA6LP,1.042528037353195,0.6646446822259362,0.6929107160982433,0.7993763665897903,40.234375
ENSG00000091831,ESR1,1.0414864697397055,0.7750176518862334,0.8071703982489494,1.0391392731653126,38.28125
ENSG00000205537,,1.0414756823352476,0.6105290336757976,0.6358511419329806,0.700474472154787,38.28125
ENSG00000273382,TMEM167B-DT,1.040902799831451,0.5412025749979807,0.5633392755913891,0.5852429289862174,37.890625
ENSG00000249307,LINC01088,1.0408740633593911,0.588722843631896,0.6127863384436271,0.661546107789831,37.890625
ENSG00000211664,IGLV2-18,1.0406715758063612,1.0338768076606764,1.0759262066178863,4.066508870596422,24.21875
ENSG00000114859,CLCN2,1.0404647288357571,0.7964453187664164,0.8286732626228077,1.0899051831331288,38.28125
ENSG00000223648,IGHV3-64,1.0402597106719196,0.6671145088531201,0.6939723459645863,0.8237555011366962,34.375
ENSG00000205038,PKHD1L1,1.0401416360866464,0.5758290337308521,0.5989437532510012,0.6359368262108701,41.015625
ENSG00000101333,PLCB4,1.0400932404602388,0.8363758440870048,0.8699088619191203,1.1960308184109678,38.28125
ENSG00000180189,HMGB1P14,1.0400495961532816,0.5114586951002675,0.5319424092881176,0.5347671016789112,40.625
ENSG00000261542,,1.0396910714871386,0.6018892213584546,0.6257788494707311,0.6875451818307813,39.0625
ENSG00000163576,EFHB,1.0395852899801294,0.6035311772007979,0.6274221338623404,0.6900068055552239,35.9375
ENSG00000182324,KCNJ14,1.0395249841869505,0.6430409447231628,0.6684571278949074,0.7579978966779692,39.84375
ENSG00000184454,NCMAP,1.039407354526484,0.9254773095166292,0.9619479219589674,1.4460682735576966,36.71875
ENSG00000039600,SOX30,1.0389653922260291,0.5455971040128413,0.5668565091680873,0.5885134710419605,38.671875
ENSG00000095539,SEMA4G,1.0385826933279318,0.6837879673493537,0.7101703487949237,0.8403491080339625,37.890625
ENSG00000132561,MATN2,1.0383721750707906,0.8316740405227743,0.863587182407546,1.1771602713540514,38.28125
ENSG00000270067,,1.0375357645023555,0.5544957630811891,0.5753091854617585,0.601471650619698,39.453125
ENSG00000136274,NACAD,1.0374672302278614,0.6405362211956938,0.6645353392645171,0.7567092194652619,39.84375
ENSG00000254275,LINC00824,1.0371302506359168,0.8691720413233657,0.9014446170634336,1.2636201117157857,40.625
ENSG00000236481,LINC02195,1.0369281000050876,0.5658513505747503,0.5867471658367887,0.6226641893402831,39.453125
ENSG00000267710,EDDM13,1.036872305286507,0.5104144268237154,0.5292345833921969,0.532842364117696,40.625
ENSG00000163053,SLC16A14,1.0368151782584571,0.9107120472321576,0.944240073593134,1.386584870193495,38.28125
ENSG00000105668,UPK1A,1.0367462943494532,0.6436544243043203,0.6673063392391347,0.751622595474805,41.796875
ENSG00000235908,RHOA-IT1,1.0364534606782478,0.6177510675643462,0.6402702318147487,0.7125883425804855,37.5
ENSG00000185499,MUC1,1.0363379806186368,0.659228448829535,0.6831834794263567,0.7915076775369174,38.28125
ENSG00000179447,SLC24A3-AS1,1.035464484560587,0.671392404281282,0.6952029898370109,0.8095752091658102,39.84375
ENSG00000250614,,1.0348644256133686,0.5061462362254268,0.5237927340277946,0.5291877892738253,37.890625
ENSG00000172867,KRT2,1.034764467513901,0.7265413411660981,0.751799164018573,0.9239666582197384,41.015625
ENSG00000237988,OR2I1,1.034735695945391,0.9773189594493554,1.0112668136664542,1.5520277980433308,42.578125
ENSG00000261714,,1.0345862206093532,0.5790667306757002,0.5990944603703869,0.6459858339547968,37.890625
ENSG00000235527,HIPK1-AS1,1.0345342309587835,0.7670130932603569,0.7935013005714211,1.019984306549333,37.109375
ENSG00000278963,,1.0343157459383885,0.5703417993099655,0.5899135035931296,0.6294412391153237,38.28125
ENSG00000092529,CAPN3,1.033462123637247,0.5187272813283736,0.5360849977501967,0.545375984602956,38.28125
ENSG00000242525,OR7E100P,1.0331033629450237,0.6010089067765425,0.6209043227507581,0.6802508239430062,39.84375
ENSG00000279841,,1.03263080941476,0.724571246964121,0.7482145932312222,0.9188384048462142,39.453125
ENSG00000178404,CEP295NL,1.031987051333492,0.6360024756499737,0.6563463194868174,0.7434562071043096,38.28125
ENSG00000170160,CCDC144A,1.0319826648768131,0.969062683115224,1.0000558901539236,1.5508026913216515,37.890625
ENSG00000260588,,1.0316403737884452,0.6391584508266457,0.6593816631208443,0.7446763376403531,39.453125
ENSG00000247498,GPRC5D-AS1,1.031309563197632,0.7066457577738614,0.7287705277852206,0.8845128051573473,37.5
ENSG00000173210,ABLIM3,1.0309675316635016,0.5245593809689049,0.5408036902084462,0.5577490808465665,36.71875
ENSG00000260000,,1.030899660072241,0.7369846911229603,0.7597572675571054,0.9350411302667612,40.625
ENSG00000214659,KRT8P26,1.0304293154623112,0.5907820442271622,0.6087591374204195,0.6603508892156884,40.234375
ENSG00000223459,TCAF1P1,1.029437095210374,0.599800166019109,0.6174565406134116,0.685779035089632,33.203125
ENSG00000136695,IL36RN,1.0292763210236595,1.0522038121606994,1.0830084687478343,1.8785275632453693,39.453125
ENSG00000151650,VENTX,1.0286964275802766,0.6862387886566672,0.7059313903581299,0.8485044293070805,36.71875
ENSG00000273669,,1.028695719007806,0.6264474446524444,0.644423804497349,0.7259362110912497,37.890625
ENSG00000115474,KCNJ13,1.0278886006362886,0.5220515506695206,0.536610837877698,0.545661594183697,41.796875
ENSG00000226758,DISC1-IT1,1.0277964350267506,0.5965007120878558,0.6130813053748163,0.6683226890527856,39.84375
ENSG00000182566,CLEC4G,1.027331797693393,0.679910815544041,0.6984940004040403,0.820683925314581,39.84375
ENSG00000240859,LINC03014,1.0273132980712698,0.9465304096960324,0.9723832769095812,1.468709546790684,38.671875
ENSG00000157456,CCNB2,1.0272801260486275,0.8189708007955495,0.8413124274713976,1.1301703645423131,39.453125
ENSG00000182257,PRR34,1.027194956212251,0.7207295958457474,0.7403298056456459,0.8964736127346682,41.40625
ENSG00000241244,IGKV1D-16,1.0271718359374633,0.5994288074161676,0.6157163886274689,0.6871597953219872,36.328125
ENSG00000251533,LINC00605,1.0268690793715043,0.7111156606873748,0.7302226838167035,0.8811410528853886,41.015625
ENSG00000279897,BIRC6-AS2,1.0263984459581468,0.5202828477902539,0.5340175064305956,0.5461148592900387,38.28125
ENSG00000116819,TFAP2E,1.026309316891517,0.6346668307120661,0.6513644814818046,0.7346779540416124,38.671875
ENSG00000267102,,1.0262959212673837,0.5115880543882365,0.5250407335877636,0.5310213332411643,40.625
ENSG00000143994,ABHD1,1.0252861710238108,0.6498421778005573,0.6662741982469078,0.7646609977864551,37.890625
ENSG00000259377,,1.0252668404651015,0.569734224491371,0.584129608249103,0.6273768586841336,37.109375
ENSG00000115414,FN1,1.025153917552185,0.9732769726438576,0.9977587013691818,1.666080492438455,30.859375
ENSG00000160321,ZNF208,1.025108565805821,0.6475230740052653,0.6637814497197141,0.7548947672480655,39.0625
ENSG00000144712,CAND2,1.024849967240747,0.8821160684629641,0.9040366238668052,1.293478196033892,35.9375
ENSG00000262714,,1.0240633829074943,0.6654513270205151,0.6814643371089101,0.7952829763023568,36.71875
ENSG00000279179,,1.0238889675393472,0.7074671717653926,0.72436783206685,0.889313542012947,34.375
ENSG00000167693,NXN,1.023562137778714,0.9344378454831064,0.9564551987440238,1.4327262939742993,38.28125
ENSG00000257221,,1.0230245212164757,0.5641844224788259,0.5771744986841948,0.6140295879643586,37.109375
ENSG00000227242,,1.022926530025421,0.94606922705895,0.967759311599244,1.5498433273646903,37.109375
ENSG00000162999,DUSP19,1.0229230209703892,0.745034916421083,0.7621133674338756,0.9603946486032592,35.9375
ENSG00000186615,KTN1-AS1,1.022644577165746,0.6463336318120869,0.6609695836124726,0.7589191162672515,35.15625
ENSG00000224875,EML4-AS1,1.022122509425835,0.6054455180768545,0.6188394922573394,0.6830790901480437,38.28125
ENSG00000167964,RAB26,1.0215766487549125,0.6339719360131721,0.647650925797,0.730577332354411,39.84375
ENSG00000283236,,1.021477887709178,0.8402121035276069,0.858258084739065,1.1686971053876385,39.0625
ENSG00000256357,LOC105370635,1.0213389326654032,0.5037752625454267,0.5145252889513794,0.519586718987296,38.671875
ENSG00000145757,SPATA9,1.0211783556430951,0.6164518228092382,0.6295072587495266,0.7025777711338164,38.28125
ENSG00000175183,CSRP2,1.020900599588579,0.6864007214941739,0.7007469081314353,0.8329307108218258,37.890625
ENSG00000242282,,1.0204978476325866,0.6826001975956122,0.6965920324399005,0.831685189055158,37.109375
ENSG00000186193,SAPCD2,1.0204166961070456,0.7085705128302653,0.7230371816611342,0.8773821423430257,38.671875
ENSG00000167549,CORO6,1.0202684073809023,0.6994431657404889,0.7136197647635051,0.8566081005633515,37.890625
ENSG00000165171,METTL27,1.0198557829994743,0.6839768250705354,0.6975577204858053,0.8296773783697213,37.890625
ENSG00000167992,VWCE,1.0196819851152137,0.9129663048592648,0.9309352940821964,1.4504757360963365,32.03125
ENSG00000089685,BIRC5,1.0195540809447612,0.8190329132712635,0.8350483491537933,1.1193220740000656,37.109375
ENSG00000260766,,1.0192826023492876,0.6593248488603423,0.6720383477399204,0.7764120515096216,39.453125
ENSG00000174844,DNAH12,1.019048405789815,0.6504720711447138,0.6628625271108198,0.7721620440155323,35.9375
ENSG00000247934,,1.0190177842848172,0.6958201106795194,0.7090530674454602,0.8497477888625566,38.28125
ENSG00000219881,GAPDHP42,1.0188303790619069,0.7360713652612464,0.749931868085731,0.9270961393041954,41.015625
ENSG00000233818,,1.018779239071556,0.6072083972353434,0.6186113088932822,0.6874964819593901,37.890625
ENSG00000135914,HTR2B,1.0187581844653433,0.644193548334586,0.6562774497456302,0.7488270705203393,39.453125
ENSG00000007866,TEAD3,1.0187065810385951,0.7218026914358098,0.7353051519770301,0.9149457419767588,34.765625
ENSG00000171160,MORN4,1.0185646159376147,0.8364207830202646,0.8519486136192748,1.1557749562257555,39.453125
ENSG00000178538,CA8,1.0183119869119794,0.8848650888614675,0.9010687267875662,1.3049362220182008,38.28125
ENSG00000169047,IRS1,1.0170836820553946,0.7185152334159057,0.7307901192155407,0.9042583716791728,34.765625
ENSG00000260317,LINC02986,1.0169880701451193,0.6771162742241537,0.6886191729870754,0.8123344680422271,39.84375
ENSG00000146215,CRIP3,1.0163818916806096,0.5775349490892024,0.5869960640669482,0.6359160981497983,37.109375
ENSG00000267764,CTIF-AS1,1.016221755045536,0.5676903477979404,0.5768992815616337,0.6225343028125345,36.328125
ENSG00000140470,ADAMTS17,1.0158849221000283,0.8385124581082555,0.8518321631852084,1.1846608823507134,35.9375
ENSG00000130783,CCDC62,1.0158685655425002,0.5897917059315972,0.5991508542735957,0.6589051575824331,35.15625
ENSG00000257715,,1.015659787104024,0.5680289950805592,0.5769242082124334,0.6223400119227921,36.71875
ENSG00000245080,MIR3150BHG,1.0156466978829597,0.8176232115550546,0.8304163149283518,1.112625451763403,39.453125
ENSG00000214654,B3GALT9,1.015516496779023,0.7138987792494622,0.7249759873582349,0.8792998939706399,40.625
ENSG00000178053,MLF1,1.0154868773091972,0.6986658418513838,0.7094859940242632,0.8499583362323813,39.84375
ENSG00000214851,LINC00612,1.0154713804093605,0.6418162725754019,0.6517460562813338,0.7450424379779199,37.109375
ENSG00000259562,,1.014898722521502,0.6138838505771351,0.6230299357273151,0.6974925407728741,36.71875
ENSG00000105991,HOXA1,1.01475418735612,0.8127456226296395,0.8247370238187837,1.1036504442517778,37.890625
ENSG00000278700,Metazoa_SRP,1.0143777534310563,0.5027376901812846,0.5099659287312099,0.5146845318773297,39.453125
ENSG00000231769,,1.014211308356369,0.5818028629685223,0.5900710428567864,0.6383425460465303,38.671875
ENSG00000169860,P2RY1,1.0136568677675146,0.8163348252114434,0.8274834019733733,1.1032571121108168,39.453125
ENSG00000185561,TLCD2,1.0135642331318424,0.7637399633616753,0.7740995102768178,0.9943139271249838,36.328125
ENSG00000180999,C1orf105,1.0135233412655595,0.6151594954681345,0.6234785072580995,0.6988252238374641,37.890625
ENSG00000267990,,1.0133902192593822,0.5664729832229087,0.5740581806727798,0.6149010802287558,37.109375
ENSG00000213149,CNN2P9,1.0129890773657664,0.703891143806237,0.7130340403302139,0.8610037738749915,38.671875
ENSG00000267503,,1.0128732836719163,0.5376272539355126,0.5445482820851779,0.5678833061202353,38.28125
ENSG00000234065,MTND4P26,1.0127009457189406,0.8350494599262444,0.8456553777893984,1.1509566590543914,39.453125
ENSG00000196659,IFT70B,1.0121479584642528,0.9428971306301188,0.9543514058090764,1.4252421969258642,39.453125
ENSG00000269696,ZNF470-DT,1.012090434042103,0.5845584382127551,0.5916260034537212,0.6464346092135453,34.375
ENSG00000162512,SDC3,1.0119152436167094,1.005080351748635,1.017056128994088,1.6858829661545045,34.375
ENSG00000234185,,1.0115621301915625,0.5200438327626333,0.526056647262354,0.5431502544218187,37.109375
ENSG00000241217,RN7SL809P,1.0113333186419124,0.5740836226346334,0.5805898952570552,0.6256401761857343,37.890625
ENSG00000270240,CCL5-AS1,1.0113258318739988,0.625802953549844,0.6328906925880015,0.7186839660913062,36.328125
ENSG00000157985,AGAP1,1.0109905021831118,0.810276188536355,0.8191815307553874,1.1158497948247832,34.765625
ENSG00000276934,,1.010925820717108,0.5042266216313203,0.5097357113000571,0.51820051682248,37.5
ENSG00000272894,MIOS-DT,1.0106626165263155,0.7692693751032059,0.7774717994553698,0.99695688300433,37.890625
ENSG00000228203,GRASLND,1.010658248547211,0.7605611940511516,0.7686674442927126,0.98078336472645,37.109375
ENSG00000230107,LOC101927344,1.010608109063571,0.5420982554461864,0.5478488928631311,0.574715589914129,36.71875
ENSG00000206417,H1-10-AS1,1.0105848806862283,0.5454940524813872,0.5512680419419498,0.5816579534474806,37.109375
ENSG00000158859,ADAMTS4,1.0103400803670055,1.097026664535226,1.1083700084112684,2.036635206598234,35.15625
ENSG00000239763,RPL21P118,1.0100917103592877,0.5980435617965659,0.6040788442044535,0.6657253251246447,36.71875
ENSG00000268996,MAN1B1-DT,1.0100488940228225,0.6286163587590912,0.6349332579292738,0.7151027876461846,39.453125
ENSG00000248791,LOC100422687,1.009912725552583,0.7890446576814021,0.7968662408217297,1.0425032702007122,37.109375
ENSG00000262777,CRK-AS1,1.009888901778332,0.5574367326739484,0.5629491697709954,0.6010360564128826,37.890625
ENSG00000271933,,1.0096684390644843,0.6765384929991989,0.6830795641935397,0.8094231257138231,38.671875
ENSG00000189420,ZFP92,1.0094854971252565,0.8110115139414749,0.8187043613255164,1.101738222701935,33.984375
ENSG00000273058,,1.009437974358314,0.6161136112799784,0.6219284757450471,0.6943009320269395,37.5
ENSG00000233008,LINC01725,1.0092422994425858,0.533983004692525,0.5389182355191451,0.5635972030244445,37.109375
ENSG00000273160,,1.0091168881233965,0.6160701252944051,0.621686767702881,0.697436006864079,36.71875
ENSG00000273972,,1.0090156770617464,0.6178046128936108,0.6233745397707168,0.7057194696640368,35.15625
ENSG00000161544,CYGB,1.0089691022786968,0.5196354671690743,0.5242961308217521,0.5406972287531984,37.109375
ENSG00000257957,QRSL1P3,1.008614185664727,0.5961918345234195,0.6013275416777984,0.6606626120456366,38.671875
ENSG00000283265,,1.008206683135191,0.8224099019264789,0.8291591593988331,1.1288395189763964,35.546875
ENSG00000230751,,1.0080386291162364,0.645791162055517,0.6509824376938246,0.7473290434010809,37.890625
ENSG00000144130,NT5DC4,1.0076710809177936,0.8064266567481982,0.8126128208863794,1.0855477685335138,35.15625
ENSG00000169313,P2RY12,1.007655030980506,0.6406079392666155,0.6455118128880595,0.7384631136594422,37.890625
ENSG00000172232,AZU1,1.0072306062555556,0.7071033835600362,0.71221616970853,0.876952202058586,33.59375
ENSG00000255153,TOLLIP-DT,1.0072235607429942,0.5166035347654268,0.5203352517788503,0.5347489787594562,39.453125
ENSG00000213901,SLC23A3,1.0071444571534578,0.6521274279236885,0.6567865243910839,0.7682734576776129,35.15625
ENSG00000279048,,1.0070740675341432,0.787149212397888,0.7927175590858384,1.0333158577363717,39.0625
ENSG00000207248,RNU6-1005P,1.0069601989646542,0.5324158823746015,0.5361216028478706,0.5597748618763292,36.71875
ENSG00000162004,CCDC78,1.0068528210006868,0.6336611421930116,0.6380035085755511,0.7306781797682421,35.9375
ENSG00000257599,OVCH1-AS1,1.0067169713726474,0.840795716093411,0.846443316848655,1.1784893873595528,30.859375
ENSG00000224614,TNK2-AS1,1.00671123155981,0.5725671589540874,0.5764097897413708,0.622863585372337,37.890625
ENSG00000239407,,1.0065910564370244,0.5984576519260938,0.6024021200851077,0.6657567899030531,37.890625
ENSG00000140274,DUOXA2,1.0064552346510365,0.7533988800848122,0.7582622466415877,0.9700093754519228,35.9375
ENSG00000154175,ABI3BP,1.0064317329981338,0.5396525329199466,0.5431234339234543,0.5714864050614408,36.71875
ENSG00000283384,,1.0062382052469216,0.6520826707919043,0.656150496330265,0.765902681147508,37.5
ENSG00000105146,AURKC,1.0058252537290988,0.6519298850112827,0.6557275420050557,0.7580691341491748,38.28125
ENSG00000237914,SIRPG-AS1,1.005805083981164,0.8761890542322313,0.8812754052754258,1.261838160726673,36.71875
ENSG00000172799,ZBTB8OSP2,1.0058025120398624,0.5406884256902709,0.5438257767901529,0.5790379099472479,34.765625
ENSG00000106976,DNM1,1.005667871106714,0.6672052437954046,0.6709868771189607,0.7901689668391972,35.9375
ENSG00000111247,RAD51AP1,1.0053808487001878,0.6854569142021159,0.689145254147935,0.8183010903642886,39.0625
ENSG00000140022,STON2,1.00523546930643,0.6577184314643282,0.661161896124533,0.7769453903137451,34.765625
ENSG00000162337,LRP5,1.0047036546676211,0.8061422539300885,0.8099340687055536,1.0697320348393338,40.234375
ENSG00000197980,LEKR1,1.004285648707587,0.6151523762680944,0.6177887032544168,0.6932486130795534,37.890625
ENSG00000108688,CCL7,1.0041605968863103,0.9621090119674324,0.9661119597269152,1.6416770563588254,28.515625
ENSG00000146670,CDCA5,1.0038497130826287,0.9033279340194154,0.906805487384914,1.3070615306152114,40.625
ENSG00000105227,PRX,1.0035870765468735,0.6817891894086924,0.6842348194199324,0.8203299289274242,37.109375
ENSG00000239335,LLPH-DT,1.0033191740444865,0.5251043256469472,0.5268472382952821,0.5487473128823135,36.71875
ENSG00000120049,KCNIP2,1.003205620501937,0.8389092675215322,0.8415984922687642,1.150845027336708,38.671875
ENSG00000228063,LYPLAL1-DT,1.0024956312217586,0.5975551609560057,0.5990464382724104,0.6673661907387718,35.15625
ENSG00000251039,IGKV2D-40,1.002464284428607,0.6029162543903116,0.6044020115277595,0.7495792387665072,31.640625
ENSG00000111206,FOXM1,1.0022740315898186,0.6159546564952332,0.6173553568419993,0.6919427018999726,39.453125
ENSG00000229990,,1.001402268101513,0.7029056845867188,0.7038913468065868,0.8585625494357072,37.109375
ENSG00000101162,TUBB1,1.000952691427569,0.9476800065627794,0.9485828531811102,1.5148504422426898,33.984375
ENSG00000217165,ANKRD18EP,1.000728349052028,0.814916557548832,0.8155101012510045,1.0884784591021983,38.28125
ENSG00000239523,MYLK-AS2,1.0006778792776208,0.5369737836672126,0.5373377870677862,0.5641418271602276,38.28125
ENSG00000274019,,1.0003397316781415,0.5523586789570003,0.5525463326979384,0.5914901649217837,35.15625
ENSG00000273820,USP27X,1.0003028931441915,0.5366197870289178,0.5367823254834464,0.5628790854130752,38.28125
ENSG00000211968,IGHV1-58,1.000193849753805,0.6392923305683569,0.639416257229247,0.7521336227465378,32.03125
